Number,Description,File_name,foodPic,ID,Location,Zipcode,Restaurant_Name,Offer_Delivery,Phone,Price,EatStreetAPIKey,Dietary,Type_of_meal,Genre,Class,Item1,Item2,Item3,Item4,Item5,Item6,Item7,Item8,Item9,Item10,Item11,Item12
1,Campanelle_Carbonara,Campanelle_Carbonara.jpg,Brio_Tuscan_Grille/Campanelle_Carbonara.jpg,1,"502 Nichols Rd, Kansas City, MO 64112",64112,Brio_Tuscan_Grille,0,8165615888,0,0,0,Dessert,French,Dessert,sweet ,,,,,,,,,,,
2,Hamburger,Hamburger.jpg,Chubby_s/Hamburger.jpg,2,"3756 Broadway Blvd, Kansas City, MO 64111",64111,Chubby_s,0,8169312482,0,0,0,Dessert,French,Dessert,sweet ,,,,,,,,,,,
3,Parmesan_Crusted_Chicken1,Parmesan_Crusted_Chicken1.jpg,McCormick_and_Schmick_s_Seafood_and_Steaks/Parmesan_Crusted_Chicken1.jpg,3,"448 W 47th St, Kansas City, MO 64112",64112,McCormick_and_Schmick_s_Seafood_and_Steaks,0,8165316800,0,0,0,Dessert,French,Dessert,sweet ,,,,,,,,,,,
4,Scottish_Wild_Isles_Salmon,Scottish_Wild_Isles_Salmon.jpg,McCormick_and_Schmick_s_Seafood_and_Steaks/Scottish_Wild_Isles_Salmon.jpg,4,"448 W 47th St, Kansas City, MO 64112",64112,McCormick_and_Schmick_s_Seafood_and_Steaks,0,8165316800,0,0,0,Dessert,French,Dessert,sweet ,,,,,,,,,,,
5,Seared_Sea_Scallops,Seared_Sea_Scallops.jpg,McCormick_and_Schmick_s_Seafood_and_Steaks/Seared_Sea_Scallops.jpg,5,"448 W 47th St, Kansas City, MO 64112",64112,McCormick_and_Schmick_s_Seafood_and_Steaks,0,8165316800,0,0,0,Dessert,French,Dessert,sweet ,,,,,,,,,,,
6,Buttermilk_Fried_Oysters1,Buttermilk_Fried_Oysters1.jpg,McCormick_and_Schmick_s_Seafood_and_Steaks/Buttermilk_Fried_Oysters1.jpg,6,"448 W 47th St, Kansas City, MO 64112",64112,McCormick_and_Schmick_s_Seafood_and_Steaks,0,8165316800,0,0,0,Dessert,French,Dessert,sweet ,,,,,,,,,,,
7,Chilean_Sea_Bass_Dashi1,Chilean_Sea_Bass_Dashi1.jpg,McCormick_and_Schmick_s_Seafood_and_Steaks/Chilean_Sea_Bass_Dashi1.jpg,7,"448 W 47th St, Kansas City, MO 64112",64112,McCormick_and_Schmick_s_Seafood_and_Steaks,0,8165316800,0,0,0,Dessert,French,Dessert,sweet ,,,,,,,,,,,
8,Shrimp_Kisses,Shrimp_Kisses.jpg,McCormick_and_Schmick_s_Seafood_and_Steaks/Shrimp_Kisses.jpg,8,"448 W 47th St, Kansas City, MO 64112",64112,McCormick_and_Schmick_s_Seafood_and_Steaks,0,8165316800,0,0,0,Dessert,French,Dessert,sweet ,,,,,,,,,,,
9,Assorted_Crostini,Assorted_Crostini.jpg,Ragazza_Food_and_Wine/Assorted_Crostini.jpg,9,"301 Westport Rd, Kansas City, MO 64111",64111,Ragazza_Food_and_Wine,0,8169604744,0,0,0,Dessert,French,Dessert,sweet ,,,,,,,,,,,
10,Chocolate_Bag1,Chocolate_Bag1.jpg,McCormick_and_Schmick_s_Seafood_and_Steaks/Chocolate_Bag1.jpg,10,"448 W 47th St, Kansas City, MO 64112",64112,McCormick_and_Schmick_s_Seafood_and_Steaks,0,8165316800,0,0,0,Dessert,French,Dessert,sweet ,,,,,,,,,,,
11,Coffee_Cheesecake,Coffee_Cheesecake.jpg,McCormick_and_Schmick_s_Seafood_and_Steaks/Coffee_Cheesecake.jpg,11,"448 W 47th St, Kansas City, MO 64112",64112,McCormick_and_Schmick_s_Seafood_and_Steaks,0,8165316800,0,0,0,Dessert,French,Dessert,sweet ,,,,,,,,,,,
12,Traditional_Eggs_Benedict,Traditional_Eggs_Benedict.jpg,McCormick_and_Schmick_s_Seafood_and_Steaks/Traditional_Eggs_Benedict.jpg,12,"448 W 47th St, Kansas City, MO 64112",64112,McCormick_and_Schmick_s_Seafood_and_Steaks,0,8165316800,0,0,0,Dessert,French,Dessert,sweet ,,,,,,,,,,,
13,Chicken_Salad_and_Fruit_Plate,Chicken_Salad_and_Fruit_Plate.jpg,Zoes_Kitchen/Chicken_Salad_and_Fruit_Plate.jpg,13,"100 Ward Pkwy, Kansas City, MO 64112",64112,Zoes_Kitchen,0,8165312044,0,0,0,Dessert,French,Dessert,sweet ,,,,,,,,,,,
14,Fried_Potato_Hash,Fried_Potato_Hash.jpg,The_Farmhouse/Fried_Potato_Hash.jpg,14,"4686 Broadway St Kansas City, MO 64112",64105,The_Farmhouse,0,8165696032,0,0,0,Dessert,French,Dessert,sweet ,,,,,,,,,,,
15,Smoked_Jackfruit_Sandwich,Smoked_Jackfruit_Sandwich.jpg,Char_Bar/Smoked_Jackfruit_Sandwich.jpg,15,"4050 Pennsylvania Ave #150, Kansas City, MO 64111",64111,Char_Bar,0,8163898600,0,0,0,Dessert,French,Dessert,sweet ,,,,,,,,,,,
16,Pancake,Pancake.jpg,Chubby_s/Pancake.jpg,16,"3756 Broadway Blvd, Kansas City, MO 64111",64111,Chubby_s,0,8169312482,0,0,0,Dessert,French,Dessert,sweet ,,,,,,,,,,,
17,Beef_Popover,Beef_Popover.jpg,Andre_s_Confiserie_Suisse/Beef_Popover.jpg,17,"5018 Main St, Kansas City, MO 64112",64112,Andre_s_Confiserie_Suisse,0,8165613440,0,0,0,Dessert,French,Dessert,sweet ,,,,,,,,,,,
18,Chicken_and_Mushroom_Vol_au_Vent,Chicken_and_Mushroom_Vol_au_Vent.jpg,Andre_s_Confiserie_Suisse/Chicken_and_Mushroom_Vol_au_Vent.jpg,18,"5018 Main St, Kansas City, MO 64112",64112,Andre_s_Confiserie_Suisse,0,8165613440,0,0,0,Dessert,French,Dessert,sweet ,,,,,,,,,,,
19,Chocolate_Pecan_Torte,Chocolate_Pecan_Torte.jpg,Andre_s_Confiserie_Suisse/Chocolate_Pecan_Torte.jpg,19,"5018 Main St, Kansas City, MO 64112",64112,Andre_s_Confiserie_Suisse,0,8165613440,0,0,0,Dessert,French,Dessert,sweet ,,,,,,,,,,,
20,Gruyere_Grilled_Cheese,Gruyere_Grilled_Cheese.jpg,Andre_s_Confiserie_Suisse/Gruyere_Grilled_Cheese.jpg,20,"5018 Main St, Kansas City, MO 64112",64112,Andre_s_Confiserie_Suisse,0,8165613440,0,0,0,Dessert,French,Dessert,sweet ,,,,,,,,,,,
21,Mixed_Green_Salad,Mixed_Green_Salad.jpg,Andre_s_Confiserie_Suisse/Mixed_Green_Salad.jpg,21,"5018 Main St, Kansas City, MO 64112",64112,Andre_s_Confiserie_Suisse,0,8165613440,0,0,0,Dessert,French,Dessert,sweet ,,,,,,,,,,,
22,Rum_Cake,Rum_Cake.jpg,Andre_s_Confiserie_Suisse/Rum_Cake.jpg,22,"5018 Main St, Kansas City, MO 64112",64112,Andre_s_Confiserie_Suisse,0,8165613440,0,0,0,Dessert,French,Dessert,sweet ,,,,,,,,,,,
23,Seasonal_Fruit,Seasonal_Fruit.jpg,Andre_s_Confiserie_Suisse/Seasonal_Fruit.jpg,23,"5018 Main St, Kansas City, MO 64112",64112,Andre_s_Confiserie_Suisse,0,8165613440,0,0,0,Dessert,French,Dessert,sweet ,,,,,,,,,,,
24,Stracciatella,Stracciatella.jpg,Andre_s_Confiserie_Suisse/Stracciatella.jpg,24,"5018 Main St, Kansas City, MO 64112",64112,Andre_s_Confiserie_Suisse,0,8165613440,0,0,0,Dessert,French,Dessert,sweet ,,,,,,,,,,,
25,Torte,Torte.jpg,Andre_s_Confiserie_Suisse/Torte.jpg,25,"5018 Main St, Kansas City, MO 64112",64112,Andre_s_Confiserie_Suisse,0,8165613440,0,0,0,Dessert,French,Dessert,sweet ,,,,,,,,,,,
26,Tuna_Salad_with_Assorted_Salads,Tuna_Salad_with_Assorted_Salads.jpg,Andre_s_Confiserie_Suisse/Tuna_Salad_with_Assorted_Salads.jpg,26,"5018 Main St, Kansas City, MO 64112",64112,Andre_s_Confiserie_Suisse,0,8165613440,0,0,0,Dessert,French,Dessert,sweet ,,,,,,,,,,,
27,Various_Macaroons,Various_Macaroons.jpg,Andre_s_Confiserie_Suisse/Various_Macaroons.jpg,27,"5018 Main St, Kansas City, MO 64112",64112,Andre_s_Confiserie_Suisse,0,8165613440,0,0,0,Dessert,French,Dessert,sweet ,,,,,,,,,,,
28,Stockyard_Fries,Stockyard_Fries.jpg,Beer_Kitchen/Stockyard_Fries.jpg,28,"435 Westport Rd, Kansas City, MO 64111",64111,Beer_Kitchen,0,8163894180,0,0,0,Dessert,French,Dessert,sweet ,,,,,,,,,,,
29,Almond_Croissant,Almond_Croissant.jpg,Bloom_Baking_Company/Almond_Croissant.jpg,29,"15 E 3rd St, Kansas City, MO 64106",64106,Bloom_Baking_Company,0,8162838437,0,0,0,Dessert,French,Dessert,sweet ,,,,,,,,,,,
30,Cherry_Danish,Cherry_Danish.jpg,Bloom_Baking_Company/Cherry_Danish.jpg,30,"15 E 3rd St, Kansas City, MO 64106",64106,Bloom_Baking_Company,0,8162838437,0,0,0,Dessert,French,Dessert,sweet ,,,,,,,,,,,
31,Chocolate_Vanilla_Cucpake,Chocolate_Vanilla_Cucpake.jpg,Bloom_Baking_Company/Chocolate_Vanilla_Cucpake.jpg,31,"15 E 3rd St, Kansas City, MO 64106",64106,Bloom_Baking_Company,0,8162838437,0,0,0,Dessert,French,Dessert,sweet ,,,,,,,,,,,
32,Cinnamon_roll,Cinnamon_roll.jpg,Bloom_Baking_Company/Cinnamon_roll.jpg,32,"15 E 3rd St, Kansas City, MO 64106",64106,Bloom_Baking_Company,0,8162838437,0,0,0,Dessert,French,Dessert,sweet ,,,,,,,,,,,
33,Double_Chocolate_Cupcake,Double_Chocolate_Cupcake.jpg,Bloom_Baking_Company/Double_Chocolate_Cupcake.jpg,33,"15 E 3rd St, Kansas City, MO 64106",64106,Bloom_Baking_Company,0,8162838437,0,0,0,Dessert,French,Dessert,sweet ,,,,,,,,,,,
34,Flourless_Chocolate_Tort,Flourless_Chocolate_Tort.jpg,Bloom_Baking_Company/Flourless_Chocolate_Tort.jpg,34,"15 E 3rd St, Kansas City, MO 64106",64106,Bloom_Baking_Company,0,8162838437,0,0,0,Dessert,French,Dessert,sweet ,,,,,,,,,,,
35,French_Apple_Tart,French_Apple_Tart.jpg,Bloom_Baking_Company/French_Apple_Tart.jpg,35,"15 E 3rd St, Kansas City, MO 64106",64106,Bloom_Baking_Company,0,8162838437,0,0,0,Dessert,French,Dessert,sweet ,,,,,,,,,,,
36,Fruit_Filled_Cupcake,Fruit_Filled_Cupcake.jpg,Bloom_Baking_Company/Fruit_Filled_Cupcake.jpg,36,"15 E 3rd St, Kansas City, MO 64106",64106,Bloom_Baking_Company,0,8162838437,0,0,0,Dessert,French,Dessert,sweet ,,,,,,,,,,,
37,Lemon_Bar,Lemon_Bar.jpg,Bloom_Baking_Company/Lemon_Bar.jpg,37,"15 E 3rd St, Kansas City, MO 64106",64106,Bloom_Baking_Company,0,8162838437,0,0,0,Dessert,French,Dessert,sweet ,,,,,,,,,,,
38,Macaron,Macaron.jpg,Bloom_Baking_Company/Macaron.jpg,38,"15 E 3rd St, Kansas City, MO 64106",64106,Bloom_Baking_Company,0,8162838437,0,0,0,Dessert,French,Dessert,sweet ,,,,,,,,,,,
39,Reuben_Sandwich,Reuben_Sandwich.jpg,Bloom_Baking_Company/Reuben_Sandwich.jpg,39,"15 E 3rd St, Kansas City, MO 64106",64106,Bloom_Baking_Company,0,8162838437,0,0,0,Dessert,French,Dessert,sweet ,,,,,,,,,,,
40,Reuben_Sandwich,Reuben_Sandwich1.jpg,Bloom_Baking_Company/Reuben_Sandwich1.jpg,40,"15 E 3rd St, Kansas City, MO 64106",64106,Bloom_Baking_Company,0,8162838437,0,0,0,Dessert,French,Dessert,sweet ,,,,,,,,,,,
41,Strawberry_tart,Strawberry_tart.jpg,Bloom_Baking_Company/Strawberry_tart.jpg,41,"15 E 3rd St, Kansas City, MO 64106",64106,Bloom_Baking_Company,0,8162838437,0,0,0,Dessert,French,Dessert,sweet ,,,,,,,,,,,
42,Various_Macarons,Various_Macarons.jpg,Bloom_Baking_Company/Various_Macarons.jpg,42,"15 E 3rd St, Kansas City, MO 64106",64106,Bloom_Baking_Company,0,8162838437,0,0,0,Dessert,French,Dessert,sweet ,,,,,,,,,,,
43,Various_Macarons,Various_Macarons1.jpg,Bloom_Baking_Company/Various_Macarons1.jpg,43,"15 E 3rd St, Kansas City, MO 64106",64106,Bloom_Baking_Company,0,8162838437,0,0,0,Dessert,French,Dessert,sweet ,,,,,,,,,,,
44,Various_Macarons,Various_Macarons2.jpg,Bloom_Baking_Company/Various_Macarons2.jpg,44,"15 E 3rd St, Kansas City, MO 64106",64106,Bloom_Baking_Company,0,8162838437,0,0,0,Dessert,French,Dessert,sweet ,,,,,,,,,,,
45,Various_Macarons,Various_Macarons3.jpg,Bloom_Baking_Company/Various_Macarons3.jpg,45,"15 E 3rd St, Kansas City, MO 64106",64106,Bloom_Baking_Company,0,8162838437,0,0,0,Dessert,French,Dessert,sweet ,,,,,,,,,,,
46,Cashew_Chicken,Cashew_Chicken.jpg,Bo_Ling_s_Plaza/Cashew_Chicken.jpg,46,"4701 Jefferson St, Kansas City, MO 64112",64112,Bo_Ling_s_Plaza,0,8167531718,0,0,0,Dessert,French,Dessert,sweet ,,,,,,,,,,,
47,Crab_Rangoon,Crab_Rangoon.jpg,Bo_Ling_s_Plaza/Crab_Rangoon.jpg,47,"4701 Jefferson St, Kansas City, MO 64112",64112,Bo_Ling_s_Plaza,0,8167531718,0,0,0,Dessert,French,Dessert,sweet ,,,,,,,,,,,
48,Egg_Drop_Soup,Egg_Drop_Soup.jpg,Bo_Ling_s_Plaza/Egg_Drop_Soup.jpg,48,"4701 Jefferson St, Kansas City, MO 64112",64112,Bo_Ling_s_Plaza,0,8167531718,0,0,0,Dessert,French,Dessert,sweet ,,,,,,,,,,,
49,Fried_Pineapple_Fried_Rice,Fried_Pineapple_Fried_Rice.jpg,Bo_Ling_s_Plaza/Fried_Pineapple_Fried_Rice.jpg,49,"4701 Jefferson St, Kansas City, MO 64112",64112,Bo_Ling_s_Plaza,0,8167531718,0,0,0,Dessert,French,Dessert,sweet ,,,,,,,,,,,
50,Gong_Bao_Chicken,Gong_Bao_Chicken.jpg,Bo_Ling_s_Plaza/Gong_Bao_Chicken.jpg,50,"4701 Jefferson St, Kansas City, MO 64112",64112,Bo_Ling_s_Plaza,0,8167531718,0,0,0,Dessert,French,Dessert,sweet ,,,,,,,,,,,
51,Homestyle_Chive_Dumplings,Homestyle_Chive_Dumplings.jpg,Bo_Ling_s_Plaza/Homestyle_Chive_Dumplings.jpg,51,"4701 Jefferson St, Kansas City, MO 64112",64112,Bo_Ling_s_Plaza,0,8167531718,0,0,0,Dessert,French,Dessert,sweet ,,,,,,,,,,,
52,Honey_Walnut_Chicken,Honey_Walnut_Chicken.jpg,Bo_Ling_s_Plaza/Honey_Walnut_Chicken.jpg,52,"4701 Jefferson St, Kansas City, MO 64112",64112,Bo_Ling_s_Plaza,0,8167531718,0,0,0,Dessert,French,Dessert,sweet ,,,,,,,,,,,
53,Meat_Dumplings,Meat_Dumplings.jpg,Bo_Ling_s_Plaza/Meat_Dumplings.jpg,53,"4701 Jefferson St, Kansas City, MO 64112",64112,Bo_Ling_s_Plaza,0,8167531718,0,0,0,Dessert,French,Dessert,sweet ,,,,,,,,,,,
54,Pad_Thai_Noodles_With_Shrimp,Pad_Thai_Noodles_With_Shrimp.jpg,Bo_Ling_s_Plaza/Pad_Thai_Noodles_With_Shrimp.jpg,54,"4701 Jefferson St, Kansas City, MO 64112",64112,Bo_Ling_s_Plaza,0,8167531718,0,0,0,Dessert,French,Dessert,sweet ,,,,,,,,,,,
55,Rainbow_Roll,Rainbow_Roll.jpg,Bo_Ling_s_Plaza/Rainbow_Roll.jpg,55,"4701 Jefferson St, Kansas City, MO 64112",64112,Bo_Ling_s_Plaza,0,8167531718,0,0,0,Dessert,French,Dessert,sweet ,,,,,,,,,,,
56,Shrimp_Wonton_Soup,Shrimp_Wonton_Soup.jpg,Bo_Ling_s_Plaza/Shrimp_Wonton_Soup.jpg,56,"4701 Jefferson St, Kansas City, MO 64112",64112,Bo_Ling_s_Plaza,0,8167531718,0,0,0,Dessert,French,Dessert,sweet ,,,,,,,,,,,
57,Sichuan_Ma_Po_Tofu,Sichuan_Ma_Po_Tofu.jpg,Bo_Ling_s_Plaza/Sichuan_Ma_Po_Tofu.jpg,57,"4701 Jefferson St, Kansas City, MO 64112",64112,Bo_Ling_s_Plaza,0,8167531718,0,0,0,Dessert,French,Dessert,sweet ,,,,,,,,,,,
58,Sichuan_Pork_Dumplings,Sichuan_Pork_Dumplings.jpg,Bo_Ling_s_Plaza/Sichuan_Pork_Dumplings.jpg,58,"4701 Jefferson St, Kansas City, MO 64112",64112,Bo_Ling_s_Plaza,0,8167531718,0,0,0,Dessert,French,Dessert,sweet ,,,,,,,,,,,
59,Spicy_Mongolian_Beef,Spicy_Mongolian_Beef.jpg,Bo_Ling_s_Plaza/Spicy_Mongolian_Beef.jpg,59,"4701 Jefferson St, Kansas City, MO 64112",64112,Bo_Ling_s_Plaza,0,8167531718,0,0,0,Dessert,French,Dessert,sweet ,,,,,,,,,,,
60,Spinach_with_Garlic,Spinach_with_Garlic.jpg,Bo_Ling_s_Plaza/Spinach_with_Garlic.jpg,60,"4701 Jefferson St, Kansas City, MO 64112",64112,Bo_Ling_s_Plaza,0,8167531718,0,0,0,Dessert,French,Dessert,sweet ,,,,,,,,,,,
61,Sweet_and_Sour_Chicken,Sweet_and_Sour_Chicken.jpg,Bo_Ling_s_Plaza/Sweet_and_Sour_Chicken.jpg,61,"4701 Jefferson St, Kansas City, MO 64112",64112,Bo_Ling_s_Plaza,0,8167531718,0,0,0,Dessert,French,Dessert,sweet ,,,,,,,,,,,
62,Tea_Smoke_Duck,Tea_Smoke_Duck.jpg,Bo_Ling_s_Plaza/Tea_Smoke_Duck.jpg,62,"4701 Jefferson St, Kansas City, MO 64112",64112,Bo_Ling_s_Plaza,0,8167531718,0,0,0,Dessert,French,Dessert,sweet ,,,,,,,,,,,
63,Tofu_In_Black_Bean_Sauce,Tofu_In_Black_Bean_Sauce.jpg,Bo_Ling_s_Plaza/Tofu_In_Black_Bean_Sauce.jpg,63,"4701 Jefferson St, Kansas City, MO 64112",64112,Bo_Ling_s_Plaza,0,8167531718,0,0,0,Dessert,French,Dessert,sweet ,,,,,,,,,,,
64,Vietnamese_Style_Spring_Rolls,Vietnamese_Style_Spring_Rolls.jpg,Bo_Ling_s_Plaza/Vietnamese_Style_Spring_Rolls.jpg,64,"4701 Jefferson St, Kansas City, MO 64112",64112,Bo_Ling_s_Plaza,0,8167531718,0,0,0,Dessert,French,Dessert,sweet ,,,,,,,,,,,
65,Yeung_Chow_Fried_Rice,Yeung_Chow_Fried_Rice.jpg,Bo_Ling_s_Plaza/Yeung_Chow_Fried_Rice.jpg,65,"4701 Jefferson St, Kansas City, MO 64112",64112,Bo_Ling_s_Plaza,0,8167531718,0,0,0,Dessert,French,Dessert,sweet ,,,,,,,,,,,
66,Beef_Carppacio,Beef_Carppacio.jpg,Brio_Tuscan_Grille/Beef_Carppacio.jpg,66,"502 Nichols Rd, Kansas City, MO 64112",64112,Brio_Tuscan_Grille,0,8165615888,0,0,0,Dessert,French,Dessert,sweet ,,,,,,,,,,,
67,Margherita_Flatbread,Margherita_Flatbread.jpg,Brio_Tuscan_Grille/Margherita_Flatbread.jpg,67,"502 Nichols Rd, Kansas City, MO 64112",64112,Brio_Tuscan_Grille,0,8165615888,0,0,0,Dessert,French,Dessert,sweet ,,,,,,,,,,,
68,Pasta_Alfredo,Pasta_Alfredo.jpg,Brio_Tuscan_Grille/Pasta_Alfredo.jpg,68,"502 Nichols Rd, Kansas City, MO 64112",64112,Brio_Tuscan_Grille,0,8165615888,0,0,0,Dessert,French,Dessert,sweet ,,,,,,,,,,,
69,Pulled_Pork_Nachos,Pulled_Pork_Nachos.jpg,Brio_Tuscan_Grille/Pulled_Pork_Nachos.jpg,69,"502 Nichols Rd, Kansas City, MO 64112",64112,Brio_Tuscan_Grille,0,8165615888,0,0,0,Dessert,French,Dessert,sweet ,,,,,,,,,,,
70,Roasted_Garlic_Spinach_and_Artichoke_Dip,Roasted_Garlic_Spinach_and_Artichoke_Dip.jpg,Brio_Tuscan_Grille/Roasted_Garlic_Spinach_and_Artichoke_Dip.jpg,70,"502 Nichols Rd, Kansas City, MO 64112",64112,Brio_Tuscan_Grille,0,8165615888,0,0,0,Dessert,French,Dessert,sweet ,,,,,,,,,,,
71,Spicy_Shrimp_and_Eggplant,Spicy_Shrimp_and_Eggplant.jpg,Brio_Tuscan_Grille/Spicy_Shrimp_and_Eggplant.jpg,71,"502 Nichols Rd, Kansas City, MO 64112",64112,Brio_Tuscan_Grille,0,8165615888,0,0,0,Dessert,French,Dessert,sweet ,,,,,,,,,,,
72,Tomato_and_Mozzarella_Salad,Tomato_and_Mozzarella_Salad.jpg,Brio_Tuscan_Grille/Tomato_and_Mozzarella_Salad.jpg,72,"502 Nichols Rd, Kansas City, MO 64112",64112,Brio_Tuscan_Grille,0,8165615888,0,0,0,Dessert,French,Dessert,sweet ,,,,,,,,,,,
73,Torta_di_Cioccolata,Torta_di_Cioccolata.jpg,Brio_Tuscan_Grille/Torta_di_Cioccolata.jpg,73,"502 Nichols Rd, Kansas City, MO 64112",64112,Brio_Tuscan_Grille,0,8165615888,0,0,0,Dessert,French,Dessert,sweet ,,,,,,,,,,,
74,Vegetable_Omelette,Vegetable_Omelette.jpg,Brio_Tuscan_Grille/Vegetable_Omelette.jpg,74,"502 Nichols Rd, Kansas City, MO 64112",64112,Brio_Tuscan_Grille,0,8165615888,0,0,0,Dessert,French,Dessert,sweet ,,,,,,,,,,,
75,BPC_s_Chicken_Tenders,BPC_s_chicken_tenders.jpg,Brookside_Poultry_Company/BPC_s_chicken_tenders.jpg,75,"408 E 63rd St, Kansas City, MO 64110",64110,Brookside_Poultry_Company,0,8165992285,0,0,0,Dessert,French,Dessert,sweet ,,,,,,,,,,,
76,Mozzarella_Caprese,Mozzarella_Caprese.jpg,Buca_di_Beppo/Mozzarella_Caprese.jpg,76,"310 W 47th St, Kansas City, MO 64112",64112,Buca_di_Beppo,0,8169316548,0,0,0,Dessert,French,Dessert,sweet ,,,,,,,,,,,
77,Penne_San_Remo,Penne_San_Remo.jpg,Buca_di_Beppo/Penne_San_Remo.jpg,77,"310 W 47th St, Kansas City, MO 64112",64112,Buca_di_Beppo,0,8169316548,0,0,0,Dessert,French,Dessert,sweet ,,,,,,,,,,,
78,Shrimp_Florentine,Shrimp_Florentine.jpg,Buca_di_Beppo/Shrimp_Florentine.jpg,78,"310 W 47th St, Kansas City, MO 64112",64112,Buca_di_Beppo,0,8169316548,0,0,0,Dessert,French,Dessert,sweet ,,,,,,,,,,,
79,Shrimp_Florentine,Shrimp_Florentine1.jpg,Buca_di_Beppo/Shrimp_Florentine1.jpg,79,"310 W 47th St, Kansas City, MO 64112",64112,Buca_di_Beppo,0,8169316548,0,0,0,Dessert,French,Dessert,sweet ,,,,,,,,,,,
80,Shrimp_Florentine,Shrimp_Florentine2.jpg,Buca_di_Beppo/Shrimp_Florentine2.jpg,80,"310 W 47th St, Kansas City, MO 64112",64112,Buca_di_Beppo,0,8169316548,0,0,0,Dessert,French,Dessert,sweet ,,,,,,,,,,,
81,Spaghetti_with_Meatballs,Spaghetti_with_Meatballs.jpg,Buca_di_Beppo/Spaghetti_with_Meatballs.jpg,81,"310 W 47th St, Kansas City, MO 64112",64112,Buca_di_Beppo,0,8169316548,0,0,0,Dessert,French,Dessert,sweet ,,,,,,,,,,,
82,Spicy_Chicken_Rigatoni,Spicy_Chicken_Rigatoni.jpg,Buca_di_Beppo/Spicy_Chicken_Rigatoni.jpg,82,"310 W 47th St, Kansas City, MO 64112",64112,Buca_di_Beppo,0,8169316548,0,0,0,Dessert,French,Dessert,sweet ,,,,,,,,,,,
83,Chicken_Salad,Chicken_Salad.jpg,Cafe_Sebastienne/Chicken_Salad.jpg,83,"4420 Warwick Blvd, Kansas City, MO 64111",64111,Cafe_Sebastienne,0,8165617740,0,0,0,Dessert,French,Dessert,sweet ,,,,,,,,,,,
84,Fried_Green_Tomato_And_Shrimp_Salad,Fried_Green_Tomato_And_Shrimp_Salad.jpg,Cafe_Sebastienne/Fried_Green_Tomato_And_Shrimp_Salad.jpg,84,"4420 Warwick Blvd, Kansas City, MO 64111",64111,Cafe_Sebastienne,0,8165617740,0,0,0,Dessert,French,Dessert,sweet ,,,,,,,,,,,
85,Banana_Cheesecake,Banana_Cheesecake.jpg,Cafe_Trio/Banana_Cheesecake.jpg,85,"4558 Main St, Kansas City, MO 64111",64111,Cafe_Trio,0,8167563227,0,0,0,Dessert,French,Dessert,sweet ,,,,,,,,,,,
86,Caramel_Cheesecake,Caramel_Cheesecake.jpg,Cafe_Trio/Caramel_Cheesecake.jpg,86,"4558 Main St, Kansas City, MO 64111",64111,Cafe_Trio,0,8167563227,0,0,0,Dessert,French,Dessert,sweet ,,,,,,,,,,,
87,Bourbon_Peach_Crisp,Bourbon_Peach_Crisp.jpg,Char_Bar/Bourbon_Peach_Crisp.jpg,87,"4050 Pennsylvania Ave #150, Kansas City, MO 64111",64111,Char_Bar,0,8163898600,0,0,0,Dessert,French,Dessert,sweet ,,,,,,,,,,,
88,Grilled_Pimento_Cheese,Grilled_Pimento_Cheese.jpg,Char_Bar/Grilled_Pimento_Cheese.jpg,88,"4050 Pennsylvania Ave #150, Kansas City, MO 64111",64111,Char_Bar,0,8163898600,0,0,0,Dessert,French,Dessert,sweet ,,,,,,,,,,,
89,Pick_3_Meats,Pick_3_Meats.jpg,Char_Bar/Pick_3_Meats.jpg,89,"4050 Pennsylvania Ave #150, Kansas City, MO 64111",64111,Char_Bar,0,8163898600,0,0,0,Dessert,French,Dessert,sweet ,,,,,,,,,,,
90,Velvet_Elvis,Velvet_Elvis.jpg,Char_Bar/Velvet_Elvis.jpg,90,"4050 Pennsylvania Ave #150, Kansas City, MO 64111",64111,Char_Bar,0,8163898600,0,0,0,Dessert,French,Dessert,sweet ,,,,,,,,,,,
91,Almond_Chicken,Almond_Chicken.jpg,China_Feast/Almond_Chicken.jpg,91,"200 Linwood Blvd, Kansas City, MO 64111",64111,China_Feast,0,8165618886,0,0,0,Dessert,French,Dessert,sweet ,,,,,,,,,,,
92,Chicken_Fried_Rice,Chicken_Fried_Rice.jpg,China_Feast/Chicken_Fried_Rice.jpg,92,"200 Linwood Blvd, Kansas City, MO 64111",64111,China_Feast,0,8165618886,0,0,0,Dessert,French,Dessert,sweet ,,,,,,,,,,,
93,Chicken_Lo_Mein,Chicken_Lo_Mein.jpg,China_Feast/Chicken_Lo_Mein.jpg,93,"200 Linwood Blvd, Kansas City, MO 64111",64111,China_Feast,0,8165618886,0,0,0,Dessert,French,Dessert,sweet ,,,,,,,,,,,
94,Combo_Fried_Rice,Combo_Fried_Rice.jpg,China_Feast/Combo_Fried_Rice.jpg,94,"200 Linwood Blvd, Kansas City, MO 64111",64111,China_Feast,0,8165618886,0,0,0,Dessert,French,Dessert,sweet ,,,,,,,,,,,
95,Spring_Field_Chicken,Spring_Field_Chicken.jpg,China_Feast/Spring_Field_Chicken.jpg,95,"200 Linwood Blvd, Kansas City, MO 64111",64111,China_Feast,0,8165618886,0,0,0,Dessert,French,Dessert,sweet ,,,,,,,,,,,
96,Vegetable_Lo_Mein,Vegetable_Lo_Mein.jpg,China_Feast/Vegetable_Lo_Mein.jpg,96,"200 Linwood Blvd, Kansas City, MO 64111",64111,China_Feast,0,8165618886,0,0,0,Dessert,French,Dessert,sweet ,,,,,,,,,,,
97,Bean_and_Cheese_Big_As_Yo_Face_Burrito,Bean_and_Cheese_Big_As_Yo_Face_Burrito.jpg,Chuy_s/Bean_and_Cheese_Big_As_Yo_Face_Burrito.jpg,97,"209 W 46th Terrace, Kansas City, MO 64112",64112,Chuy_s,0,8169312783,0,0,0,Dessert,French,Dessert,sweet ,,,,,,,,,,,
98,Burrito_En_Fuego,Burrito_En_Fuego.jpg,Chuy_s/Burrito_En_Fuego.jpg,98,"209 W 46th Terrace, Kansas City, MO 64112",64112,Chuy_s,0,8169312783,0,0,0,Dessert,French,Dessert,sweet ,,,,,,,,,,,
99,Enchiladas_Ricas,Enchiladas_Ricas.jpg,Chuy_s/Enchiladas_Ricas.jpg,99,"209 W 46th Terrace, Kansas City, MO 64112",64112,Chuy_s,0,8169312783,0,0,0,Dessert,French,Dessert,sweet ,,,,,,,,,,,
100,Nachos,Nachos.jpg,Chuy_s/Nachos.jpg,100,"209 W 46th Terrace, Kansas City, MO 64112",64112,Chuy_s,0,8169312783,0,0,0,Dessert,French,Dessert,sweet ,,,,,,,,,,,
101,New_Mexican_Steak_Tacos,New_Mexican_Steak_Tacos.jpg,Chuy_s/New_Mexican_Steak_Tacos.jpg,101,"209 W 46th Terrace, Kansas City, MO 64112",64112,Chuy_s,0,8169312783,0,0,0,Dessert,French,Dessert,sweet ,,,,,,,,,,,
102,Sopapillas,Sopapillas.jpg,Chuy_s/Sopapillas.jpg,102,"209 W 46th Terrace, Kansas City, MO 64112",64112,Chuy_s,0,8169312783,0,0,0,Dessert,French,Dessert,sweet ,,,,,,,,,,,
103,Ahi_Tuna_Tacos,Ahi_Tuna_Tacos.jpg,Cooper_s_Hawk/Ahi_Tuna_Tacos.jpg,103,"4686 Broadway St Kansas City, MO 64112",64112,Cooper_s_Hawk,0,8165311500,0,0,0,Dessert,French,Dessert,sweet ,,,,,,,,,,,
104,Gnocchi_with_Roasted_Butternut_Squash,Gnocchi_with_Roasted_Butternut_Squash.jpg,Cooper_s_Hawk/Gnocchi_with_Roasted_Butternut_Squash.jpg,104,"4686 Broadway St Kansas City, MO 64112",64112,Cooper_s_Hawk,0,8165311500,0,0,0,Dessert,French,Dessert,sweet ,,,,,,,,,,,
105,Roasted_Vegetable_and_Goat_Cheese_Flatbread,Roasted_Vegetable_and_Goat_Cheese_Flatbread.jpg,Cooper_s_Hawk/Roasted_Vegetable_and_Goat_Cheese_Flatbread.jpg,105,"4686 Broadway St Kansas City, MO 64112",64112,Cooper_s_Hawk,0,8165311500,0,0,0,Dessert,French,Dessert,sweet ,,,,,,,,,,,
106,3_Ball_2_Strike,3_Ball_2_Strike.jpg,Domo/3_Ball_2_Strike.jpg,106,"6322 Brookside Plaza, Kansas City, MO 64113",64113,Domo,0,8163336315,0,0,0,Dessert,French,Dessert,sweet ,,,,,,,,,,,
107,Alligator_Roll,Alligator_Roll.jpg,Domo/Alligator_Roll.jpg,107,"6322 Brookside Plaza, Kansas City, MO 64113",64113,Domo,0,8163336315,0,0,0,Dessert,French,Dessert,sweet ,,,,,,,,,,,
108,Domo_Roll,Domo_Roll.jpg,Domo/Domo_Roll.jpg,108,"6322 Brookside Plaza, Kansas City, MO 64113",64113,Domo,0,8163336315,0,0,0,Dessert,French,Dessert,sweet ,,,,,,,,,,,
109,Domo_Roll,Domo_Roll1.jpg,Domo/Domo_Roll1.jpg,109,"6322 Brookside Plaza, Kansas City, MO 64113",64113,Domo,0,8163336315,0,0,0,Dessert,French,Dessert,sweet ,,,,,,,,,,,
110,Fried_Veggie_Roll,Fried_Veggie_Roll.jpg,Domo/Fried_Veggie_Roll.jpg,110,"6322 Brookside Plaza, Kansas City, MO 64113",64113,Domo,0,8163336315,0,0,0,Dessert,French,Dessert,sweet ,,,,,,,,,,,
111,Ika_Maru,Ika_Maru.jpg,Domo/Ika_Maru.jpg,111,"6322 Brookside Plaza, Kansas City, MO 64113",64113,Domo,0,8163336315,0,0,0,Dessert,French,Dessert,sweet ,,,,,,,,,,,
112,Kaizoku_Nabe,Kaizoku_Nabe.jpg,Domo/Kaizoku_Nabe.jpg,112,"6322 Brookside Plaza, Kansas City, MO 64113",64113,Domo,0,8163336315,0,0,0,Dessert,French,Dessert,sweet ,,,,,,,,,,,
113,King_Kong,King_Kong.jpg,Domo/King_Kong.jpg,113,"6322 Brookside Plaza, Kansas City, MO 64113",64113,Domo,0,8163336315,0,0,0,Dessert,French,Dessert,sweet ,,,,,,,,,,,
114,Lobster_Roll,Lobster_Roll.jpg,Domo/Lobster_Roll.jpg,114,"6322 Brookside Plaza, Kansas City, MO 64113",64113,Domo,0,8163336315,0,0,0,Dessert,French,Dessert,sweet ,,,,,,,,,,,
115,Lobster_Roll,Lobster_Roll1.jpg,Domo/Lobster_Roll1.jpg,115,"6322 Brookside Plaza, Kansas City, MO 64113",64113,Domo,0,8163336315,0,0,0,Dessert,French,Dessert,sweet ,,,,,,,,,,,
116,Octopus_and_Cucumber_Salad,Octopus_and_Cucumber_Salad.jpg,Domo/Octopus_and_Cucumber_Salad.jpg,116,"6322 Brookside Plaza, Kansas City, MO 64113",64113,Domo,0,8163336315,0,0,0,Dessert,French,Dessert,sweet ,,,,,,,,,,,
117,Rainbow_Roll,Rainbow_Roll.jpg,Domo/Rainbow_Roll.jpg,117,"6322 Brookside Plaza, Kansas City, MO 64113",64113,Domo,0,8163336315,0,0,0,Dessert,French,Dessert,sweet ,,,,,,,,,,,
118,Sashimi_Sampler,Sashimi_Sampler.jpg,Domo/Sashimi_Sampler.jpg,118,"6322 Brookside Plaza, Kansas City, MO 64113",64113,Domo,0,8163336315,0,0,0,Dessert,French,Dessert,sweet ,,,,,,,,,,,
119,Shrimp_Tempura,Shrimp_Tempura.jpg,Domo/Shrimp_Tempura.jpg,119,"6322 Brookside Plaza, Kansas City, MO 64113",64113,Domo,0,8163336315,0,0,0,Dessert,French,Dessert,sweet ,,,,,,,,,,,
120,Smoked_Squid_and_Seaweed_Salad,Smoked_Squid_and_Seaweed_Salad.jpg,Domo/Smoked_Squid_and_Seaweed_Salad.jpg,120,"6322 Brookside Plaza, Kansas City, MO 64113",64113,Domo,0,8163336315,0,0,0,Dessert,French,Dessert,sweet ,,,,,,,,,,,
121,Tuna_Roll,Tuna_Roll.jpg,Domo/Tuna_Roll.jpg,121,"6322 Brookside Plaza, Kansas City, MO 64113",64113,Domo,0,8163336315,0,0,0,Dessert,French,Dessert,sweet ,,,,,,,,,,,
122,Unagi,Unagi.jpg,Domo/Unagi.jpg,122,"6322 Brookside Plaza, Kansas City, MO 64113",64113,Domo,0,8163336315,0,0,0,Dessert,French,Dessert,sweet ,,,,,,,,,,,
123,Unaju,Unaju.jpg,Domo/Unaju.jpg,123,"6322 Brookside Plaza, Kansas City, MO 64113",64113,Domo,0,8163336315,0,0,0,Dessert,French,Dessert,sweet ,,,,,,,,,,,
124,Unaju,Unaju1.jpg,Domo/Unaju1.jpg,124,"6322 Brookside Plaza, Kansas City, MO 64113",64113,Domo,0,8163336315,0,0,0,Dessert,French,Dessert,sweet ,,,,,,,,,,,
125,Yoshi_Bowl,Yoshi_Bowl.jpg,Domo/Yoshi_Bowl.jpg,125,"6322 Brookside Plaza, Kansas City, MO 64113",64113,Domo,0,8163336315,0,0,0,Dessert,French,Dessert,sweet ,,,,,,,,,,,
126,Yoshi_Bowl,Yoshi_Bowl1.jpg,Domo/Yoshi_Bowl1.jpg,126,"6322 Brookside Plaza, Kansas City, MO 64113",64113,Domo,0,8163336315,0,0,0,Dessert,French,Dessert,sweet ,,,,,,,,,,,
127,Grilled_Tofu_Ruelke_Sandwich,Grilled_Tofu_Ruelke_Sandwich1.jpg,Eden_Alley_Vegetaria/Grilled_Tofu_Ruelke_Sandwich1.jpg,127,"707 W 47th St, Kansas City, MO 64112",64112,Eden_Alley_Vegetaria,0,8165615415,0,0,0,Dessert,French,Dessert,sweet ,,,,,,,,,,,
128,Soy_Breakfast_Pizza,Soy_Breakfast_Pizza.jpg,Eden_Alley_Vegetaria/Soy_Breakfast_Pizza.jpg,128,"707 W 47th St, Kansas City, MO 64112",64112,Eden_Alley_Vegetaria,0,8165615415,0,0,0,Dessert,French,Dessert,sweet ,,,,,,,,,,,
129,Diablitos_Tostada,Diablitos_Tostada.jpg,El_Fogon/Diablitos_Tostada.jpg,129,"4037 Mill St, Kansas City, MO 64111",64111,El_Fogon,0,8169829945,0,0,0,Dessert,French,Dessert,sweet ,,,,,,,,,,,
130,Frijoles_Charros,Frijoles_Charros.jpg,El_Fogon/Frijoles_Charros.jpg,130,"4038 Mill St, Kansas City, MO 64111",64111,El_Fogon,0,8169829945,0,0,0,Dessert,French,Dessert,sweet ,,,,,,,,,,,
131,Pollo_Asado_Taco,Pollo_Asado_Taco.jpg,El_Fogon/Pollo_Asado_Taco.jpg,131,"4039 Mill St, Kansas City, MO 64111",64111,El_Fogon,0,8169829945,0,0,0,Dessert,French,Dessert,sweet ,,,,,,,,,,,
132,Ranchero_Fajita_Platter,Ranchero_Fajita_Platter.jpg,El_Fogon/Ranchero_Fajita_Platter.jpg,132,"4040 Mill St, Kansas City, MO 64111",64111,El_Fogon,0,8169829945,0,0,0,Dessert,French,Dessert,sweet ,,,,,,,,,,,
133,Taco_Combo,Taco_Combo.jpg,El_Fogon/Taco_Combo.jpg,133,"4041 Mill St, Kansas City, MO 64111",64111,El_Fogon,0,8169829945,0,0,0,Dessert,French,Dessert,sweet ,,,,,,,,,,,
134,Taco_Combo1,Taco_Combo1.jpg,El_Fogon/Taco_Combo1.jpg,134,"4042 Mill St, Kansas City, MO 64111",64111,El_Fogon,0,8169829945,0,0,0,Dessert,French,Dessert,sweet ,,,,,,,,,,,
135,Taco_Combo2,Taco_Combo2.jpg,El_Fogon/Taco_Combo2.jpg,135,"4043 Mill St, Kansas City, MO 64111",64111,El_Fogon,0,8169829945,0,0,0,Dessert,French,Dessert,sweet ,,,,,,,,,,,
136,Torta,Torta.jpg,El_Fogon/Torta.jpg,136,"4044 Mill St, Kansas City, MO 64111",64111,El_Fogon,0,8169829945,0,0,0,Dessert,French,Dessert,sweet ,,,,,,,,,,,
137,All American Burger,All American Burger.jpg,Fric_and_Frac/All American Burger.jpg,137,"1700 W 39th St, Kansas City, MO 64111",64111,Fric_and_Frac,0,8167536102,0,0,0,Dessert,French,Dessert,sweet ,,,,,,,,,,,
138,The Real Big Max Burger,The Real Big Max Burger.jpg,Fric_and_Frac/The Real Big Max Burger.jpg,138,"1700 W 39th St, Kansas City, MO 64111",64111,Fric_and_Frac,0,8167536102,0,0,0,Dessert,French,Dessert,sweet ,,,,,,,,,,,
139,The Real Big Max Burger,The Real Big Max Burger1.jpg,Fric_and_Frac/The Real Big Max Burger1.jpg,139,"1700 W 39th St, Kansas City, MO 64111",64111,Fric_and_Frac,0,8167536102,0,0,0,Dessert,French,Dessert,sweet ,,,,,,,,,,,
140,Agedashi_Tofu,Agedashi_Tofu.jpg,Friends_Sushi_and_Bento_Place/Agedashi_Tofu.jpg,140,"1808 W 39th St, Kansas City, MO 64111",64111,Friends_Sushi_and_Bento_Place,0,8167536666,0,0,0,Dessert,French,Dessert,sweet ,,,,,,,,,,,
141,Asahi_Tuna_Salad,Asahi_Tuna_Salad.jpg,Friends_Sushi_and_Bento_Place/Asahi_Tuna_Salad.jpg,141,"1808 W 39th St, Kansas City, MO 64111",64111,Friends_Sushi_and_Bento_Place,0,8167536666,0,0,0,Dessert,French,Dessert,sweet ,,,,,,,,,,,
142,BMW_Roll,BMW_Roll.jpg,Friends_Sushi_and_Bento_Place/BMW_Roll.jpg,142,"1808 W 39th St, Kansas City, MO 64111",64111,Friends_Sushi_and_Bento_Place,0,8167536666,0,0,0,Dessert,French,Dessert,sweet ,,,,,,,,,,,
143,Chef_s_Sashimi,Chef_s_Sashimi.jpg,Friends_Sushi_and_Bento_Place/Chef_s_Sashimi.jpg,143,"1808 W 39th St, Kansas City, MO 64111",64111,Friends_Sushi_and_Bento_Place,0,8167536666,0,0,0,Dessert,French,Dessert,sweet ,,,,,,,,,,,
144,Chef_s_Sushi,Chef_s_Sushi.jpg,Friends_Sushi_and_Bento_Place/Chef_s_Sushi.jpg,144,"1808 W 39th St, Kansas City, MO 64111",64111,Friends_Sushi_and_Bento_Place,0,8167536666,0,0,0,Dessert,French,Dessert,sweet ,,,,,,,,,,,
145,Fried_Ice_Cream,Fried_Ice_Cream.jpg,Friends_Sushi_and_Bento_Place/Fried_Ice_Cream.jpg,145,"1808 W 39th St, Kansas City, MO 64111",64111,Friends_Sushi_and_Bento_Place,0,8167536666,0,0,0,Dessert,French,Dessert,sweet ,,,,,,,,,,,
146,Fried_Ice_Cream,Fried_Ice_Cream1.jpg,Friends_Sushi_and_Bento_Place/Fried_Ice_Cream1.jpg,146,"1808 W 39th St, Kansas City, MO 64111",64111,Friends_Sushi_and_Bento_Place,0,8167536666,0,0,0,Dessert,French,Dessert,sweet ,,,,,,,,,,,
147,Friends_Yakitori_Bento,Friends_Yakitori_Bento.jpg,Friends_Sushi_and_Bento_Place/Friends_Yakitori_Bento.jpg,147,"1808 W 39th St, Kansas City, MO 64111",64111,Friends_Sushi_and_Bento_Place,0,8167536666,0,0,0,Dessert,French,Dessert,sweet ,,,,,,,,,,,
148,Hamachi_Kama,Hamachi_Kama.jpg,Friends_Sushi_and_Bento_Place/Hamachi_Kama.jpg,148,"1808 W 39th St, Kansas City, MO 64111",64111,Friends_Sushi_and_Bento_Place,0,8167536666,0,0,0,Dessert,French,Dessert,sweet ,,,,,,,,,,,
149,Hamachi_Kama,Hamachi_Kama1.jpg,Friends_Sushi_and_Bento_Place/Hamachi_Kama1.jpg,149,"1808 W 39th St, Kansas City, MO 64111",64111,Friends_Sushi_and_Bento_Place,0,8167536666,0,0,0,Dessert,French,Dessert,sweet ,,,,,,,,,,,
150,Lobster_Roll,Lobster_Roll.jpg,Friends_Sushi_and_Bento_Place/Lobster_Roll.jpg,150,"1808 W 39th St, Kansas City, MO 64111",64111,Friends_Sushi_and_Bento_Place,0,8167536666,0,0,0,Dessert,French,Dessert,sweet ,,,,,,,,,,,
151,Mandarin_Shrimp,Mandarin_Shrimp.jpg,Friends_Sushi_and_Bento_Place/Mandarin_Shrimp.jpg,151,"1808 W 39th St, Kansas City, MO 64111",64111,Friends_Sushi_and_Bento_Place,0,8167536666,0,0,0,Dessert,French,Dessert,sweet ,,,,,,,,,,,
152,Meat_Free_Bento,Meat_Free_Bento.jpg,Friends_Sushi_and_Bento_Place/Meat_Free_Bento.jpg,152,"1808 W 39th St, Kansas City, MO 64111",64111,Friends_Sushi_and_Bento_Place,0,8167536666,0,0,0,Dessert,French,Dessert,sweet ,,,,,,,,,,,
153,Miso_Soup,Miso_Soup.jpg,Friends_Sushi_and_Bento_Place/Miso_Soup.jpg,153,"1808 W 39th St, Kansas City, MO 64111",64111,Friends_Sushi_and_Bento_Place,0,8167536666,0,0,0,Dessert,French,Dessert,sweet ,,,,,,,,,,,
154,Onion_Soup,Onion_Soup.jpg,Friends_Sushi_and_Bento_Place/Onion_Soup.jpg,154,"1808 W 39th St, Kansas City, MO 64111",64111,Friends_Sushi_and_Bento_Place,0,8167536666,0,0,0,Dessert,French,Dessert,sweet ,,,,,,,,,,,
155,Rainbow_Roll,Rainbow_Roll.jpg,Friends_Sushi_and_Bento_Place/Rainbow_Roll.jpg,155,"1808 W 39th St, Kansas City, MO 64111",64111,Friends_Sushi_and_Bento_Place,0,8167536666,0,0,0,Dessert,French,Dessert,sweet ,,,,,,,,,,,
156,Rock_n_Roll,Rock_n_Roll.jpg,Friends_Sushi_and_Bento_Place/Rock_n_Roll.jpg,156,"1808 W 39th St, Kansas City, MO 64111",64111,Friends_Sushi_and_Bento_Place,0,8167536666,0,0,0,Dessert,French,Dessert,sweet ,,,,,,,,,,,
157,Shanghai_Udon,Shanghai_Udon.jpg,Friends_Sushi_and_Bento_Place/Shanghai_Udon.jpg,157,"1808 W 39th St, Kansas City, MO 64111",64111,Friends_Sushi_and_Bento_Place,0,8167536666,0,0,0,Dessert,French,Dessert,sweet ,,,,,,,,,,,
158,Shrimp_Tempura,Shrimp_Tempura.jpg,Friends_Sushi_and_Bento_Place/Shrimp_Tempura.jpg,158,"1808 W 39th St, Kansas City, MO 64111",64111,Friends_Sushi_and_Bento_Place,0,8167536666,0,0,0,Dessert,French,Dessert,sweet ,,,,,,,,,,,
159,Shrimp_Tempura_Roll,Shrimp_Tempura_Roll.jpg,Friends_Sushi_and_Bento_Place/Shrimp_Tempura_Roll.jpg,159,"1808 W 39th St, Kansas City, MO 64111",64111,Friends_Sushi_and_Bento_Place,0,8167536666,0,0,0,Dessert,French,Dessert,sweet ,,,,,,,,,,,
160,Special_Cha_Shu_Ramen,Special_Cha_Shu_Ramen.jpg,Friends_Sushi_and_Bento_Place/Special_Cha_Shu_Ramen.jpg,160,"1808 W 39th St, Kansas City, MO 64111",64111,Friends_Sushi_and_Bento_Place,0,8167536666,0,0,0,Dessert,French,Dessert,sweet ,,,,,,,,,,,
161,Special_Cha_Shu_Ramen,Special_Cha_Shu_Ramen1.jpg,Friends_Sushi_and_Bento_Place/Special_Cha_Shu_Ramen1.jpg,161,"1808 W 39th St, Kansas City, MO 64111",64111,Friends_Sushi_and_Bento_Place,0,8167536666,0,0,0,Dessert,French,Dessert,sweet ,,,,,,,,,,,
162,Spring_Roll,Spring_Roll.jpg,Friends_Sushi_and_Bento_Place/Spring_Roll.jpg,162,"1808 W 39th St, Kansas City, MO 64111",64111,Friends_Sushi_and_Bento_Place,0,8167536666,0,0,0,Dessert,French,Dessert,sweet ,,,,,,,,,,,
163,Strawberry_Mochi_Ice_Cream,Strawberry_Mochi_Ice_Cream.jpg,Friends_Sushi_and_Bento_Place/Strawberry_Mochi_Ice_Cream.jpg,163,"1808 W 39th St, Kansas City, MO 64111",64111,Friends_Sushi_and_Bento_Place,0,8167536666,0,0,0,Dessert,French,Dessert,sweet ,,,,,,,,,,,
164,Teriyaki_Chicken_Bento,Teriyaki_Chicken_Bento.jpg,Friends_Sushi_and_Bento_Place/Teriyaki_Chicken_Bento.jpg,164,"1808 W 39th St, Kansas City, MO 64111",64111,Friends_Sushi_and_Bento_Place,0,8167536666,0,0,0,Dessert,French,Dessert,sweet ,,,,,,,,,,,
165,Teriyaki_Chicken_Bento,Teriyaki_Chicken_Bento1.jpg,Friends_Sushi_and_Bento_Place/Teriyaki_Chicken_Bento1.jpg,165,"1808 W 39th St, Kansas City, MO 64111",64111,Friends_Sushi_and_Bento_Place,0,8167536666,0,0,0,Dessert,French,Dessert,sweet ,,,,,,,,,,,
166,Teriyaki_Steak_Benton,Teriyaki_Steak_Benton.jpg,Friends_Sushi_and_Bento_Place/Teriyaki_Steak_Benton.jpg,166,"1808 W 39th St, Kansas City, MO 64111",64111,Friends_Sushi_and_Bento_Place,0,8167536666,0,0,0,Dessert,French,Dessert,sweet ,,,,,,,,,,,
167,Tonkatsu_Bento,Tonkatsu_Bento.jpg,Friends_Sushi_and_Bento_Place/Tonkatsu_Bento.jpg,167,"1808 W 39th St, Kansas City, MO 64111",64111,Friends_Sushi_and_Bento_Place,0,8167536666,0,0,0,Dessert,French,Dessert,sweet ,,,,,,,,,,,
168,Yang_Sho_Fried_Rice_sub_Veggies,Yang_Sho_Fried_Rice_sub_Veggies.jpg,Friends_Sushi_and_Bento_Place/Yang_Sho_Fried_Rice_sub_Veggies.jpg,168,"1808 W 39th St, Kansas City, MO 64111",64111,Friends_Sushi_and_Bento_Place,0,8167536666,0,0,0,Dessert,French,Dessert,sweet ,,,,,,,,,,,
169,BNB,BNB.jpg,Gram and Dun/BNB.jpg,169,"600 Ward Pkwy Kansas City, MO 64112",64112,Gram and Dun,0,8163892900,0,0,0,Dessert,French,Dessert,sweet ,,,,,,,,,,,
170,Chicken_and_Sauage_Gumbo,Chicken_and_Sauage_Gumbo.jpg,Gram and Dun/Chicken_and_Sauage_Gumbo.jpg,170,"600 Ward Pkwy Kansas City, MO 64112",64112,Gram and Dun,0,8163892900,0,0,0,Dessert,French,Dessert,sweet ,,,,,,,,,,,
171,Scallops,Scallops.jpg,Gram and Dun/Scallops.jpg,171,"600 Ward Pkwy Kansas City, MO 64112",64112,Gram and Dun,0,8163892900,0,0,0,Dessert,French,Dessert,sweet ,,,,,,,,,,,
172,Tres_Trifle,Tres_Trifle.jpg,Gram and Dun/Tres_Trifle.jpg,172,"600 Ward Pkwy Kansas City, MO 64112",64112,Gram and Dun,0,8163892900,0,0,0,Dessert,French,Dessert,sweet ,,,,,,,,,,,
173,Mohr_im_Hemd,Mohr_im_Hemd.jpg,Grunauer/Mohr_im_Hemd.jpg,173,"101 W 22nd St, Kansas City, MO 64108",64108,Grunauer,0,8162833234,0,0,0,Dessert,French,Dessert,sweet ,,,,,,,,,,,
174,Palatschinken,Palatschinken.jpg,Grunauer/Palatschinken.jpg,174,"101 W 22nd St, Kansas City, MO 64108",64108,Grunauer,0,8162833234,0,0,0,Dessert,French,Dessert,sweet ,,,,,,,,,,,
175,Paprikahuhn,Paprikahuhn.jpg,Grunauer/Paprikahuhn.jpg,175,"101 W 22nd St, Kansas City, MO 64108",64108,Grunauer,0,8162833234,0,0,0,Dessert,French,Dessert,sweet ,,,,,,,,,,,
176,Branzino,Branzino.jpg,Hogshead/Branzino.jpg,176,"4743 Pennsylvania Ave, Kansas City, MO 64112",64112,Hogshead,0,8163212929,0,0,0,Dessert,French,Dessert,sweet ,,,,,,,,,,,
177,KC_Smokehouse_Reuben,KC_Smokehouse_Reuben.jpg,Hogshead/KC_Smokehouse_Reuben.jpg,177,"4743 Pennsylvania Ave, Kansas City, MO 64112",64112,Hogshead,0,8163212929,0,0,0,Dessert,French,Dessert,sweet ,,,,,,,,,,,
178,All_Meats_Slice,All_Meats_Slice.jpg,Joe_s_Pizza_Buy_the_Slice/All_Meats_Slice.jpg,178,"4058 Pennsylvania Ave, Kansas City, MO 64111",64111,Joe_s_Pizza_Buy_the_Slice,0,8169312777,0,0,0,Dessert,French,Dessert,sweet ,,,,,,,,,,,
179,Cheese_Sticks,Cheese_Sticks.jpg,Joe_s_Pizza_Buy_the_Slice/Cheese_Sticks.jpg,179,"4058 Pennsylvania Ave, Kansas City, MO 64111",64111,Joe_s_Pizza_Buy_the_Slice,0,8169312777,0,0,0,Dessert,French,Dessert,sweet ,,,,,,,,,,,
180,Pizza_Of_The_Week_Hawaiian_Pizza,Pizza_Of_The_Week_Hawaiian_Pizza.jpg,Joe_s_Pizza_Buy_the_Slice/Pizza_Of_The_Week_Hawaiian_Pizza.jpg,180,"4058 Pennsylvania Ave, Kansas City, MO 64111",64111,Joe_s_Pizza_Buy_the_Slice,0,8169312777,0,0,0,Dessert,French,Dessert,sweet ,,,,,,,,,,,
181,Pizza_Of_The_Week_Mexican_Pizza,Pizza_Of_The_Week_Mexican_Pizza.jpg,Joe_s_Pizza_Buy_the_Slice/Pizza_Of_The_Week_Mexican_Pizza.jpg,181,"4058 Pennsylvania Ave, Kansas City, MO 64111",64111,Joe_s_Pizza_Buy_the_Slice,0,8169312777,0,0,0,Dessert,French,Dessert,sweet ,,,,,,,,,,,
182,Pizza_Of_The_Week_Spin_Dip_Pizza,Pizza_Of_The_Week_Spin_Dip_Pizza.jpg,Joe_s_Pizza_Buy_the_Slice/Pizza_Of_The_Week_Spin_Dip_Pizza.jpg,182,"4058 Pennsylvania Ave, Kansas City, MO 64111",64111,Joe_s_Pizza_Buy_the_Slice,0,8169312777,0,0,0,Dessert,French,Dessert,sweet ,,,,,,,,,,,
183,Baker_s_Dozen_of_Garlic_Knots,Baker_s_Dozen_of_Garlic_Knots.jpg,Johnny_Jo_s_Pizzeria/Baker_s_Dozen_of_Garlic_Knots.jpg,183,"1209 W 47th St, Kansas City, MO 64112",64112,Johnny_Jo_s_Pizzeria,0,8164014482,0,0,0,Dessert,French,Dessert,sweet ,,,,,,,,,,,
184,Baker_s_Dozen_of_Garlic_Knots1,Baker_s_Dozen_of_Garlic_Knots1.jpg,Johnny_Jo_s_Pizzeria/Baker_s_Dozen_of_Garlic_Knots1.jpg,184,"1210 W 47th St, Kansas City, MO 64112",64112,Johnny_Jo_s_Pizzeria,0,8164014482,0,0,0,Dessert,French,Dessert,sweet ,,,,,,,,,,,
185,Fresh_Mozzarella_Pizza,Fresh_Mozzarella_Pizza.jpg,Johnny_Jo_s_Pizzeria/Fresh_Mozzarella_Pizza.jpg,185,"1211 W 47th St, Kansas City, MO 64112",64112,Johnny_Jo_s_Pizzeria,0,8164014482,0,0,0,Dessert,French,Dessert,sweet ,,,,,,,,,,,
186,Pepperoni_and_Jalapeno_Pizza,Pepperoni_and_Jalapeno_Pizza.jpg,Johnny_Jo_s_Pizzeria/Pepperoni_and_Jalapeno_Pizza.jpg,186,"1212 W 47th St, Kansas City, MO 64112",64112,Johnny_Jo_s_Pizzeria,0,8164014482,0,0,0,Dessert,French,Dessert,sweet ,,,,,,,,,,,
187,Pepperoni_and_Sausage_Pizza,Pepperoni_and_Sausage_Pizza.jpg,Johnny_Jo_s_Pizzeria/Pepperoni_and_Sausage_Pizza.jpg,187,"1213 W 47th St, Kansas City, MO 64112",64112,Johnny_Jo_s_Pizzeria,0,8164014482,0,0,0,Dessert,French,Dessert,sweet ,,,,,,,,,,,
188,The_Johnny_Jo_Marco_Polo_Pizza,The_Johnny_Jo_Marco_Polo_Pizza.jpg,Johnny_Jo_s_Pizzeria/The_Johnny_Jo_Marco_Polo_Pizza.jpg,188,"1214 W 47th St, Kansas City, MO 64112",64112,Johnny_Jo_s_Pizzeria,0,8164014482,0,0,0,Dessert,French,Dessert,sweet ,,,,,,,,,,,
189,The_Meathead_Pizza,The_Meathead_Pizza.jpg,Johnny_Jo_s_Pizzeria/The_Meathead_Pizza.jpg,189,"1215 W 47th St, Kansas City, MO 64112",64112,Johnny_Jo_s_Pizzeria,0,8164014482,0,0,0,Dessert,French,Dessert,sweet ,,,,,,,,,,,
190,The_Meathead_Pizza1,The_Meathead_Pizza1.jpg,Johnny_Jo_s_Pizzeria/The_Meathead_Pizza1.jpg,190,"1216 W 47th St, Kansas City, MO 64112",64112,Johnny_Jo_s_Pizzeria,0,8164014482,0,0,0,Dessert,French,Dessert,sweet ,,,,,,,,,,,
191,The_Meathead_Pizza_add_Mushrooms,The_Meathead_Pizza_add_Mushrooms.jpg,Johnny_Jo_s_Pizzeria/The_Meathead_Pizza_add_Mushrooms.jpg,191,"1217 W 47th St, Kansas City, MO 64112",64112,Johnny_Jo_s_Pizzeria,0,8164014482,0,0,0,Dessert,French,Dessert,sweet ,,,,,,,,,,,
192,The_Sicilian_Stromboli,The_Sicilian_Stromboli.jpg,Johnny_Jo_s_Pizzeria/The_Sicilian_Stromboli.jpg,192,"1218 W 47th St, Kansas City, MO 64112",64112,Johnny_Jo_s_Pizzeria,0,8164014482,0,0,0,Dessert,French,Dessert,sweet ,,,,,,,,,,,
193,The_Sicilian_Stromboli1,The_Sicilian_Stromboli1.jpg,Johnny_Jo_s_Pizzeria/The_Sicilian_Stromboli1.jpg,193,"1219 W 47th St, Kansas City, MO 64112",64112,Johnny_Jo_s_Pizzeria,0,8164014482,0,0,0,Dessert,French,Dessert,sweet ,,,,,,,,,,,
194,Half_order_ribs,Half_order_ribs.jpg,KC_Kitchen_and_Pizzeria/Half_order_ribs.jpg,194,"3906 Waddell Ave, Kansas City, MO 64111",64111,KC_Kitchen_and_Pizzeria,0,8165994533,0,0,0,Dessert,French,Dessert,sweet ,,,,,,,,,,,
195,Rueben_Pizza,Rueben_Pizza.jpg,KC_Kitchen_and_Pizzeria/Rueben_Pizza.jpg,195,"3906 Waddell Ave, Kansas City, MO 64111",64111,KC_Kitchen_and_Pizzeria,0,8165994533,0,0,0,Dessert,French,Dessert,sweet ,,,,,,,,,,,
196,Thai_Hot_Wings,Thai_Hot_Wings.jpg,Lulu_s_Thai_Noodle_Shop/Thai_Hot_Wings.jpg,196,"2701 W 47th St, Westwood, KS 66205",66205,Lulu_s_Thai_Noodle_Shop,0,9136775858,0,0,0,Dessert,French,Dessert,sweet ,,,,,,,,,,,
197,Black_Bean_Chicken_Quesadilla,Black_Bean_Chicken_Quesadilla.jpg,Michael_Forbes_Bar_and_Grille/Black_Bean_Chicken_Quesadilla.jpg,197,"128 W 63rd St, Kansas City, MO 64113",66113,Michael_Forbes_Bar_and_Grille,0,8163334355,0,0,0,Dessert,French,Dessert,sweet ,,,,,,,,,,,
198,Prime_Rib_Sandwich,Prime_Rib_Sandwich.jpg,Michael_Forbes_Bar_and_Grille/Prime_Rib_Sandwich.jpg,198,"128 W 63rd St, Kansas City, MO 64113",66113,Michael_Forbes_Bar_and_Grille,0,8163334355,0,0,0,Dessert,French,Dessert,sweet ,,,,,,,,,,,
199,Cajun_Grilled_Chicken_Sandwich,Cajun_Grilled_Chicken_Sandwich.jpg,MO_Brew/Cajun_Grilled_Chicken_Sandwich.jpg,199,"1403 W 39th St, Kansas City, MO 64111",64111,MO_Brew,0,8164926183,0,0,0,Dessert,French,Dessert,sweet ,,,,,,,,,,,
200,Smokehouse_Burger,Smokehouse_Burger.jpg,Nick_and_Jake_s/Smokehouse_Burger.jpg,200,"5031 Main St, Kansas City, MO 64112",64112,Nick_and_Jake_s,0,8164211111,0,0,0,Dessert,French,Dessert,sweet ,,,,,,,,,,,
201,Calamari_Fritti,Calamari_Fritti.jpg,Osteria_Il_Centro/Calamari_Fritti.jpg,201,"5101 Main St Kansas City, MO 64112",64112,Osteria_Il_Centro,0,8165612369,0,0,0,Dessert,French,Dessert,sweet ,,,,,,,,,,,
202,Banana_Spring_Rolls,Banana_Spring_Rolls.jpg,PF_Chang_s/Banana_Spring_Rolls.jpg,202,"102 W 47th St, Kansas City, MO 64112",64112,PF_Chang_s,0,8169319988,0,0,0,Dessert,French,Dessert,sweet ,,,,,,,,,,,
203,Hunan_Dragon_Wings,Hunan_Dragon_Wings.jpg,PF_Chang_s/Hunan_Dragon_Wings.jpg,203,"102 W 47th St, Kansas City, MO 64112",64112,PF_Chang_s,0,8169319988,0,0,0,Dessert,French,Dessert,sweet ,,,,,,,,,,,
204,Korean_BBQ_Chicken_Stir_Fry,Korean_BBQ_Chicken_Stir_Fry.jpg,PF_Chang_s/Korean_BBQ_Chicken_Stir_Fry.jpg,204,"102 W 47th St, Kansas City, MO 64112",64112,PF_Chang_s,0,8169319988,0,0,0,Dessert,French,Dessert,sweet ,,,,,,,,,,,
205,Kung_Pao_Dragon_Rolls,Kung_Pao_Dragon_Rolls.jpg,PF_Chang_s/Kung_Pao_Dragon_Rolls.jpg,205,"102 W 47th St, Kansas City, MO 64112",64112,PF_Chang_s,0,8169319988,0,0,0,Dessert,French,Dessert,sweet ,,,,,,,,,,,
206,Singapore_Firecracker_Chicken,Singapore_Firecracker_Chicken.jpg,PF_Chang_s/Singapore_Firecracker_Chicken.jpg,206,"102 W 47th St, Kansas City, MO 64112",64112,PF_Chang_s,0,8169319988,0,0,0,Dessert,French,Dessert,sweet ,,,,,,,,,,,
207,Street_Noodles,Street_Noodles.jpg,PF_Chang_s/Street_Noodles.jpg,207,"102 W 47th St, Kansas City, MO 64112",64112,PF_Chang_s,0,8169319988,0,0,0,Dessert,French,Dessert,sweet ,,,,,,,,,,,
208,Surf_and_Turf,Surf_and_Turf.jpg,PF_Chang_s/Surf_and_Turf.jpg,208,"102 W 47th St, Kansas City, MO 64112",64112,PF_Chang_s,0,8169319988,0,0,0,Dessert,French,Dessert,sweet ,,,,,,,,,,,
209,The_Great_Wall_Of_Chocolate,The_Great_Wall_Of_Chocolate.jpg,PF_Chang_s/The_Great_Wall_Of_Chocolate.jpg,209,"102 W 47th St, Kansas City, MO 64112",64112,PF_Chang_s,0,8169319988,0,0,0,Dessert,French,Dessert,sweet ,,,,,,,,,,,
210,Wonton_Soup,Wonton_Soup.jpg,PF_Chang_s/Wonton_Soup.jpg,210,"102 W 47th St, Kansas City, MO 64112",64112,PF_Chang_s,0,8169319988,0,0,0,Dessert,French,Dessert,sweet ,,,,,,,,,,,
211,Beef_and_Mushroom_Pot_Pie,Beef_and_Mushroom_Pot_Pie.jpg,Potpie/Beef_and_Mushroom_Pot_Pie.jpg,211,"904 Westport Rd Kansas City, MO 64111",64111,Potpie,0,8165612702,0,0,0,Dessert,French,Dessert,sweet ,,,,,,,,,,,
212,Chicken_Pot_Pie,Chicken_Pot_Pie.jpg,Potpie/Chicken_Pot_Pie.jpg,212,"904 Westport Rd Kansas City, MO 64111",64111,Potpie,0,8165612702,0,0,0,Dessert,French,Dessert,sweet ,,,,,,,,,,,
213,Chicken_Pot_Pie,Chicken_Pot_Pie1.jpg,Potpie/Chicken_Pot_Pie1.jpg,213,"904 Westport Rd Kansas City, MO 64111",64111,Potpie,0,8165612702,0,0,0,Dessert,French,Dessert,sweet ,,,,,,,,,,,
214,Chocolate_Chip_Bread_Pudding,Chocolate_Chip_Bread_Pudding.jpg,Potpie/Chocolate_Chip_Bread_Pudding.jpg,214,"904 Westport Rd Kansas City, MO 64111",64111,Potpie,0,8165612702,0,0,0,Dessert,French,Dessert,sweet ,,,,,,,,,,,
215,Chocolate_Chip_Bread_Pudding,Chocolate_Chip_Bread_Pudding1.jpg,Potpie/Chocolate_Chip_Bread_Pudding1.jpg,215,"904 Westport Rd Kansas City, MO 64111",64111,Potpie,0,8165612702,0,0,0,Dessert,French,Dessert,sweet ,,,,,,,,,,,
216,Grilled_Pork_Chop,Grilled_Pork_Chop.jpg,Potpie/Grilled_Pork_Chop.jpg,216,"904 Westport Rd Kansas City, MO 64111",64111,Potpie,0,8165612702,0,0,0,Dessert,French,Dessert,sweet ,,,,,,,,,,,
217,Pan_Roasted_Chicken,Pan_Roasted_Chicken.jpg,Potpie/Pan_Roasted_Chicken.jpg,217,"904 Westport Rd Kansas City, MO 64111",64111,Potpie,0,8165612702,0,0,0,Dessert,French,Dessert,sweet ,,,,,,,,,,,
218,Pan_Roasted_Chicken1,Pan_Roasted_Chicken1.jpg,Potpie/Pan_Roasted_Chicken1.jpg,218,"904 Westport Rd Kansas City, MO 64111",64111,Potpie,0,8165612702,0,0,0,Dessert,French,Dessert,sweet ,,,,,,,,,,,
219,Pan_Seared_Scallops,Pan_Seared_Scallops.jpg,Potpie/Pan_Seared_Scallops.jpg,219,"904 Westport Rd Kansas City, MO 64111",64111,Potpie,0,8165612702,0,0,0,Dessert,French,Dessert,sweet ,,,,,,,,,,,
220,Pan_Seared_Scallops,Pan_Seared_Scallops1.jpg,Potpie/Pan_Seared_Scallops1.jpg,220,"904 Westport Rd Kansas City, MO 64111",64111,Potpie,0,8165612702,0,0,0,Dessert,French,Dessert,sweet ,,,,,,,,,,,
221,Spinach_and_Brie_Tart,Spinach_and_Brie_Tart.jpg,Potpie/Spinach_and_Brie_Tart.jpg,221,"904 Westport Rd Kansas City, MO 64111",64111,Potpie,0,8165612702,0,0,0,Dessert,French,Dessert,sweet ,,,,,,,,,,,
222,Spinach_and_Brie_Tart,Spinach_and_Brie_Tart1.jpg,Potpie/Spinach_and_Brie_Tart1.jpg,222,"904 Westport Rd Kansas City, MO 64111",64111,Potpie,0,8165612702,0,0,0,Dessert,French,Dessert,sweet ,,,,,,,,,,,
223,Steamed_Mussels,Steamed_Mussels.jpg,Potpie/Steamed_Mussels.jpg,223,"904 Westport Rd Kansas City, MO 64111",64111,Potpie,0,8165612702,0,0,0,Dessert,French,Dessert,sweet ,,,,,,,,,,,
224,Steamed_Mussels,Steamed_Mussels1.jpg,Potpie/Steamed_Mussels1.jpg,224,"904 Westport Rd Kansas City, MO 64111",64111,Potpie,0,8165612702,0,0,0,Dessert,French,Dessert,sweet ,,,,,,,,,,,
225,Chips_and_Guac,Chips_and_Guac.jpg,Qdoba_Mexican_Eats/Chips_and_Guac.jpg,225,"515 Westport Rd, Kansas City, MO 64111",64111,Qdoba_Mexican_Eats,0,8167565565,0,0,0,Dessert,French,Dessert,sweet ,,,,,,,,,,,
226,Chips_and_Queso,Chips_and_Queso.jpg,Qdoba_Mexican_Eats/Chips_and_Queso.jpg,226,"515 Westport Rd, Kansas City, MO 64111",64111,Qdoba_Mexican_Eats,0,8167565565,0,0,0,Dessert,French,Dessert,sweet ,,,,,,,,,,,
227,Double_Chocolate_Brownie,Double_Chocolate_Brownie.jpg,Qdoba_Mexican_Eats/Double_Chocolate_Brownie.jpg,227,"515 Westport Rd, Kansas City, MO 64111",64111,Qdoba_Mexican_Eats,0,8167565565,0,0,0,Dessert,French,Dessert,sweet ,,,,,,,,,,,
228,Grilled_Adobe_Chicken,Grilled_Adobe_Chicken.jpg,Qdoba_Mexican_Eats/Grilled_Adobe_Chicken.jpg,228,"515 Westport Rd, Kansas City, MO 64111",64111,Qdoba_Mexican_Eats,0,8167565565,0,0,0,Dessert,French,Dessert,sweet ,,,,,,,,,,,
229,Grilled_Adobe_Chicken_Burrito,Grilled_Adobe_Chicken_Burrito.jpg,Qdoba_Mexican_Eats/Grilled_Adobe_Chicken_Burrito.jpg,229,"515 Westport Rd, Kansas City, MO 64111",64111,Qdoba_Mexican_Eats,0,8167565565,0,0,0,Dessert,French,Dessert,sweet ,,,,,,,,,,,
230,Grilled_Adobe_Chicken_Nachos,Grilled_Adobe_Chicken_Nachos.jpg,Qdoba_Mexican_Eats/Grilled_Adobe_Chicken_Nachos.jpg,230,"515 Westport Rd, Kansas City, MO 64111",64111,Qdoba_Mexican_Eats,0,8167565565,0,0,0,Dessert,French,Dessert,sweet ,,,,,,,,,,,
231,Grilled_Adobe_Chicken_Quesadilla,Grilled_Adobe_Chicken_Quesadilla.jpg,Qdoba_Mexican_Eats/Grilled_Adobe_Chicken_Quesadilla.jpg,231,"515 Westport Rd, Kansas City, MO 64111",64111,Qdoba_Mexican_Eats,0,8167565565,0,0,0,Dessert,French,Dessert,sweet ,,,,,,,,,,,
232,Grilled_Adobe_Chicken_Taco_Salad,Grilled_Adobe_Chicken_Taco_Salad.jpg,Qdoba_Mexican_Eats/Grilled_Adobe_Chicken_Taco_Salad.jpg,232,"515 Westport Rd, Kansas City, MO 64111",64111,Qdoba_Mexican_Eats,0,8167565565,0,0,0,Dessert,French,Dessert,sweet ,,,,,,,,,,,
233,Grilled_Adobe_Chicken_Taco_Salad,Grilled_Adobe_Chicken_Taco_Salad1.jpg,Qdoba_Mexican_Eats/Grilled_Adobe_Chicken_Taco_Salad1.jpg,233,"515 Westport Rd, Kansas City, MO 64111",64111,Qdoba_Mexican_Eats,0,8167565565,0,0,0,Dessert,French,Dessert,sweet ,,,,,,,,,,,
234,Grilled_Steak_Burrito,Grilled_Steak_Burrito.jpg,Qdoba_Mexican_Eats/Grilled_Steak_Burrito.jpg,234,"515 Westport Rd, Kansas City, MO 64111",64111,Qdoba_Mexican_Eats,0,8167565565,0,0,0,Dessert,French,Dessert,sweet ,,,,,,,,,,,
235,Ground_Beef_Burrito_Bowl,Ground_Beef_Burrito_Bowl.jpg,Qdoba_Mexican_Eats/Ground_Beef_Burrito_Bowl.jpg,235,"515 Westport Rd, Kansas City, MO 64111",64111,Qdoba_Mexican_Eats,0,8167565565,0,0,0,Dessert,French,Dessert,sweet ,,,,,,,,,,,
236,Pulled_Pork_Quesadilla,Pulled_Pork_Quesadilla.jpg,Qdoba_Mexican_Eats/Pulled_Pork_Quesadilla.jpg,236,"515 Westport Rd, Kansas City, MO 64111",64111,Qdoba_Mexican_Eats,0,8167565565,0,0,0,Dessert,French,Dessert,sweet ,,,,,,,,,,,
237,Tequila_Lime_Chicken_Burrito,Tequila_Lime_Chicken_Burrito.jpg,Qdoba_Mexican_Eats/Tequila_Lime_Chicken_Burrito.jpg,237,"515 Westport Rd, Kansas City, MO 64111",64111,Qdoba_Mexican_Eats,0,8167565565,0,0,0,Dessert,French,Dessert,sweet ,,,,,,,,,,,
238,Tequila_Lime_Chicken_Burrito_Bowl,Tequila_Lime_Chicken_Burrito_Bowl.jpg,Qdoba_Mexican_Eats/Tequila_Lime_Chicken_Burrito_Bowl.jpg,238,"515 Westport Rd, Kansas City, MO 64111",64111,Qdoba_Mexican_Eats,0,8167565565,0,0,0,Dessert,French,Dessert,sweet ,,,,,,,,,,,
239,Tequila_Lime_Chicken_Quesadilla,Tequila_Lime_Chicken_Quesadilla.jpg,Qdoba_Mexican_Eats/Tequila_Lime_Chicken_Quesadilla.jpg,239,"515 Westport Rd, Kansas City, MO 64111",64111,Qdoba_Mexican_Eats,0,8167565565,0,0,0,Dessert,French,Dessert,sweet ,,,,,,,,,,,
240,Triple_Threat_Taco,Triple_Threat_Taco.jpg,Qdoba_Mexican_Eats/Triple_Threat_Taco.jpg,240,"515 Westport Rd, Kansas City, MO 64111",64111,Qdoba_Mexican_Eats,0,8167565565,0,0,0,Dessert,French,Dessert,sweet ,,,,,,,,,,,
241,Vegetarian_Nachos,Vegetarian_Nachos.jpg,Qdoba_Mexican_Eats/Vegetarian_Nachos.jpg,241,"515 Westport Rd, Kansas City, MO 64111",64111,Qdoba_Mexican_Eats,0,8167565565,0,0,0,Dessert,French,Dessert,sweet ,,,,,,,,,,,
242,Veggie_Tacos,Veggie_Tacos.jpg,Qdoba_Mexican_Eats/Veggie_Tacos.jpg,242,"515 Westport Rd, Kansas City, MO 64111",64111,Qdoba_Mexican_Eats,0,8167565565,0,0,0,Dessert,French,Dessert,sweet ,,,,,,,,,,,
243,Antipasti_Board,Antipasti_Board.jpg,Ragazza_Food_and_Wine/Antipasti_Board.jpg,243,"301 Westport Rd, Kansas City, MO 64111",64111,Ragazza_Food_and_Wine,0,8169604744,0,0,0,Dessert,French,Dessert,sweet ,,,,,,,,,,,
244,Thai_Chicken_Wrap,Thai_Chicken_Wrap.jpg,The_Bar_West_Plaza/Thai_Chicken_Wrap.jpg,244,"1121 W 47th St, Kansas City, MO 64112",64112,The_Bar_West_Plaza,0,8162166485,0,0,0,Dessert,French,Dessert,sweet ,,,,,,,,,,,
245,Blackened_Tenderloin_Steak,Blackened_Tenderloin_Steak.jpg,The_Brass_Onion/Blackened_Tenderloin_Steak.jpg,245,"5501 W 135th St, Overland Park, KS 66224",66224,The_Brass_Onion,0,9138515940,0,0,0,Dessert,French,Dessert,sweet ,,,,,,,,,,,
246,Chicken_Fried_Steak_and_Eggs,Chicken_Fried_Steak_and_Eggs1.jpg,The_Farmhouse/Chicken_Fried_Steak_and_Eggs1.jpg,246,"4686 Broadway St Kansas City, MO 64112",64105,The_Farmhouse,0,8165696032,0,0,0,Dessert,French,Dessert,sweet ,,,,,,,,,,,
247,Corned_Beef_Hash,Corned_Beef_Hash1.jpg,The_Farmhouse/Corned_Beef_Hash1.jpg,247,"4686 Broadway St Kansas City, MO 64112",64105,The_Farmhouse,0,8165696032,0,0,0,Dessert,French,Dessert,sweet ,,,,,,,,,,,
248,Eggs_Benedict,Eggs_Benedict.jpg,The_Farmhouse/Eggs_Benedict.jpg,248,"4686 Broadway St Kansas City, MO 64112",64105,The_Farmhouse,0,8165696032,0,0,0,Dessert,French,Dessert,sweet ,,,,,,,,,,,
249,Eggs_Benedict,Eggs_Benedict1.jpg,The_Farmhouse/Eggs_Benedict1.jpg,249,"4686 Broadway St Kansas City, MO 64112",64105,The_Farmhouse,0,8165696032,0,0,0,Dessert,French,Dessert,sweet ,,,,,,,,,,,
250,Midwest_Croque_Madame,Midwest_Croque_Madame.jpg,The_Farmhouse/Midwest_Croque_Madame.jpg,250,"4686 Broadway St Kansas City, MO 64112",64105,The_Farmhouse,0,8165696032,0,0,0,Dessert,French,Dessert,sweet ,,,,,,,,,,,
251,Midwest_Croque_Madame,Midwest_Croque_Madame1.jpg,The_Farmhouse/Midwest_Croque_Madame1.jpg,251,"4686 Broadway St Kansas City, MO 64112",64105,The_Farmhouse,0,8165696032,0,0,0,Dessert,French,Dessert,sweet ,,,,,,,,,,,
252,Reuben_Sandwich,Reuben_Sandwich.jpg,The_Farmhouse/Reuben_Sandwich.jpg,252,"4686 Broadway St Kansas City, MO 64112",64105,The_Farmhouse,0,8165696032,0,0,0,Dessert,French,Dessert,sweet ,,,,,,,,,,,
253,Roasted_Quail,Roasted_Quail.jpg,The_Farmhouse/Roasted_Quail.jpg,253,"4686 Broadway St Kansas City, MO 64112",64105,The_Farmhouse,0,8165696032,0,0,0,Dessert,French,Dessert,sweet ,,,,,,,,,,,
254,Roasted_Quail,Roasted_Quail1.jpg,The_Farmhouse/Roasted_Quail1.jpg,254,"4686 Broadway St Kansas City, MO 64112",64105,The_Farmhouse,0,8165696032,0,0,0,Dessert,French,Dessert,sweet ,,,,,,,,,,,
255,Smoked_Turkey_Sandwich,Smoked_Turkey_Sandwich.jpg,The_Farmhouse/Smoked_Turkey_Sandwich.jpg,255,"4686 Broadway St Kansas City, MO 64112",64105,The_Farmhouse,0,8165696032,0,0,0,Dessert,French,Dessert,sweet ,,,,,,,,,,,
256,Smoked_Turkey_Sandwich,Smoked_Turkey_Sandwich1.jpg,The_Farmhouse/Smoked_Turkey_Sandwich1.jpg,256,"4686 Broadway St Kansas City, MO 64112",64105,The_Farmhouse,0,8165696032,0,0,0,Dessert,French,Dessert,sweet ,,,,,,,,,,,
257,Steak_and_Eggs,Steak_and_Eggs.jpg,The_Farmhouse/Steak_and_Eggs.jpg,257,"4686 Broadway St Kansas City, MO 64112",64105,The_Farmhouse,0,8165696032,0,0,0,Dessert,French,Dessert,sweet ,,,,,,,,,,,
258,Chisaya_Mama_Salad,Chisaya_Mama_Salad.jpg,The_Mixx/Chisaya_Mama_Salad.jpg,258,"4855 Main Street, Kansas City, MO 64112",64112,The_Mixx,0,8167562300,0,0,0,Dessert,French,Dessert,sweet ,,,,,,,,,,,
259,Classic_Blue_Sandwich,Classic_Blue_Sandwich.jpg,The_Mixx/Classic_Blue_Sandwich.jpg,259,"4855 Main Street, Kansas City, MO 64112",64112,The_Mixx,0,8167562300,0,0,0,Dessert,French,Dessert,sweet ,,,,,,,,,,,
260,Hail_Caesar_add_Salmon,Hail_Caesar_add_Salmon.jpg,The_Mixx/Hail_Caesar_add_Salmon.jpg,260,"4855 Main Street, Kansas City, MO 64112",64112,The_Mixx,0,8167562300,0,0,0,Dessert,French,Dessert,sweet ,,,,,,,,,,,
261,BG_Salad_Add_Fried_Chicken,BG_Salad_Add_Fried_Chicken.jpg,The_Oliver/BG_Salad_Add_Fried_Chicken.jpg,261,"4807 Jefferson St, Kansas City, MO 64112",64112,The_Oliver,0,8163842500,0,0,0,Dessert,French,Dessert,sweet ,,,,,,,,,,,
262,Chop_Chop_Salad,Chop_Chop_Salad.jpg,The_Oliver/Chop_Chop_Salad.jpg,262,"4807 Jefferson St, Kansas City, MO 64112",64112,The_Oliver,0,8163842500,0,0,0,Dessert,French,Dessert,sweet ,,,,,,,,,,,
263,Daybreaker,Daybreaker.jpg,The_Oliver/Daybreaker.jpg,263,"4807 Jefferson St, Kansas City, MO 64112",64112,The_Oliver,0,8163842500,0,0,0,Dessert,French,Dessert,sweet ,,,,,,,,,,,
264,Dip_Duo,Dip_Duo.jpg,The_Oliver/Dip_Duo.jpg,264,"4807 Jefferson St, Kansas City, MO 64112",64112,The_Oliver,0,8163842500,0,0,0,Dessert,French,Dessert,sweet ,,,,,,,,,,,
265,Dip_Duo,Dip_Duo1.jpg,The_Oliver/Dip_Duo1.jpg,265,"4807 Jefferson St, Kansas City, MO 64112",64112,The_Oliver,0,8163842500,0,0,0,Dessert,French,Dessert,sweet ,,,,,,,,,,,
266,Faroe_Island_Salmon,Faroe_Island_Salmon.jpg,The_Oliver/Faroe_Island_Salmon.jpg,266,"4807 Jefferson St, Kansas City, MO 64112",64112,The_Oliver,0,8163842500,0,0,0,Dessert,French,Dessert,sweet ,,,,,,,,,,,
267,Fried_Chicken_Bennie,Fried_Chicken_Bennie.jpg,The_Oliver/Fried_Chicken_Bennie.jpg,267,"4807 Jefferson St, Kansas City, MO 64112",64112,The_Oliver,0,8163842500,0,0,0,Dessert,French,Dessert,sweet ,,,,,,,,,,,
268,Hanger_Steak,Hanger_Steak.jpg,The_Oliver/Hanger_Steak.jpg,268,"4807 Jefferson St, Kansas City, MO 64112",64112,The_Oliver,0,8163842500,0,0,0,Dessert,French,Dessert,sweet ,,,,,,,,,,,
269,Hanger_Steak,Hanger_Steak1.jpg,The_Oliver/Hanger_Steak1.jpg,269,"4807 Jefferson St, Kansas City, MO 64112",64112,The_Oliver,0,8163842500,0,0,0,Dessert,French,Dessert,sweet ,,,,,,,,,,,
270,Limoncello_Brioche_Pudding,Limoncello_Brioche_Pudding.jpg,The_Oliver/Limoncello_Brioche_Pudding.jpg,270,"4807 Jefferson St, Kansas City, MO 64112",64112,The_Oliver,0,8163842500,0,0,0,Dessert,French,Dessert,sweet ,,,,,,,,,,,
271,Limoncello_Brioche_Pudding,Limoncello_Brioche_Pudding1.jpg,The_Oliver/Limoncello_Brioche_Pudding1.jpg,271,"4807 Jefferson St, Kansas City, MO 64112",64112,The_Oliver,0,8163842500,0,0,0,Dessert,French,Dessert,sweet ,,,,,,,,,,,
272,Pig_Wings,Pig_Wings.jpg,The_Oliver/Pig_Wings.jpg,272,"4807 Jefferson St, Kansas City, MO 64112",64112,The_Oliver,0,8163842500,0,0,0,Dessert,French,Dessert,sweet ,,,,,,,,,,,
273,Strawberries_and_Buttermilk,Strawberries_and_Buttermilk.jpg,The_Oliver/Strawberries_and_Buttermilk.jpg,273,"4807 Jefferson St, Kansas City, MO 64112",64112,The_Oliver,0,8163842500,0,0,0,Dessert,French,Dessert,sweet ,,,,,,,,,,,
274,Buffalo_Chicken_Wings_Dozen,Buffalo_Chicken_Wings_Dozen.jpg,The_Peanut/Buffalo_Chicken_Wings_Dozen.jpg,274,"5000 Main St, Kansas City, MO 64112",64112,The_Peanut,0,8167539499,0,0,0,Dessert,French,Dessert,sweet ,,,,,,,,,,,
275,Buffalo_Chicken_Wings_Dozen,Buffalo_Chicken_Wings_Dozen1.jpg,The_Peanut/Buffalo_Chicken_Wings_Dozen1.jpg,275,"5000 Main St, Kansas City, MO 64112",64112,The_Peanut,0,8167539499,0,0,0,Dessert,French,Dessert,sweet ,,,,,,,,,,,
276,Buffalo_Chicken_Wings_Half_Dozen,Buffalo_Chicken_Wings_Half_Dozen.jpg,The_Peanut/Buffalo_Chicken_Wings_Half_Dozen.jpg,276,"5000 Main St, Kansas City, MO 64112",64112,The_Peanut,0,8167539499,0,0,0,Dessert,French,Dessert,sweet ,,,,,,,,,,,
277,Buffalo_Chicken_Wings_Half_Dozen,Buffalo_Chicken_Wings_Half_Dozen1.jpg,The_Peanut/Buffalo_Chicken_Wings_Half_Dozen1.jpg,277,"5000 Main St, Kansas City, MO 64112",64112,The_Peanut,0,8167539499,0,0,0,Dessert,French,Dessert,sweet ,,,,,,,,,,,
278,Burger,Burger.jpg,The_Peanut/Burger.jpg,278,"5000 Main St, Kansas City, MO 64112",64112,The_Peanut,0,8167539499,0,0,0,Dessert,French,Dessert,sweet ,,,,,,,,,,,
279,Chili_Cheese_Fries,Chili_Cheese_Fries.jpg,The_Peanut/Chili_Cheese_Fries.jpg,279,"5000 Main St, Kansas City, MO 64112",64112,The_Peanut,0,8167539499,0,0,0,Dessert,French,Dessert,sweet ,,,,,,,,,,,
280,Chili_Cheese_Fries,Chili_Cheese_Fries1.jpg,The_Peanut/Chili_Cheese_Fries1.jpg,280,"5000 Main St, Kansas City, MO 64112",64112,The_Peanut,0,8167539499,0,0,0,Dessert,French,Dessert,sweet ,,,,,,,,,,,
281,Grilled_Cheese_Sandwich,Grilled_Cheese_Sandwich.jpg,The_Peanut/Grilled_Cheese_Sandwich.jpg,281,"5000 Main St, Kansas City, MO 64112",64112,The_Peanut,0,8167539499,0,0,0,Dessert,French,Dessert,sweet ,,,,,,,,,,,
282,Reubon_Sandwich,Reubon_Sandwich.jpg,The_Peanut/Reubon_Sandwich.jpg,282,"5000 Main St, Kansas City, MO 64112",64112,The_Peanut,0,8167539499,0,0,0,Dessert,French,Dessert,sweet ,,,,,,,,,,,
283,Single_BLT_Sandwich,Single_BLT_Sandwich.jpg,The_Peanut/Single_BLT_Sandwich.jpg,283,"5000 Main St, Kansas City, MO 64112",64112,The_Peanut,0,8167539499,0,0,0,Dessert,French,Dessert,sweet ,,,,,,,,,,,
284,Three_Wings_and_Cheese_Fries,Three_Wings_and_Cheese_Fries.jpg,The_Peanut/Three_Wings_and_Cheese_Fries.jpg,284,"5000 Main St, Kansas City, MO 64112",64112,The_Peanut,0,8167539499,0,0,0,Dessert,French,Dessert,sweet ,,,,,,,,,,,
285,Mini_Sopapillas,Mini_Sopapillas.jpg,The_Salty_Iguana/Mini_Sopapillas.jpg,285,"10478 S Ridgeview Rd, Olathe, KS 66061",66061,The_Salty_Iguana,1,9133109003,0,0,0,Dessert,French,Dessert,sweet ,,,,,,,,,,,
286,Apple_Bacon_Marmalade_Burger,Apple_Bacon_Marmalade_Burger.jpg,The_Sundry/Apple_Bacon_Marmalade_Burger.jpg,286,"300 E. 39th st. kansas city, mo 64111",64111,The_Sundry,0,8168447878,0,0,0,Dessert,French,Dessert,sweet ,,,,,,,,,,,
287,Beef_Bierock,Beef_Bierock.jpg,The_Sundry/Beef_Bierock.jpg,287,"300 E. 39th st. kansas city, mo 64111",64111,The_Sundry,0,8168447878,0,0,0,Dessert,French,Dessert,sweet ,,,,,,,,,,,
288,Biscuits_and_Gravy,Biscuits_and_Gravy.jpg,The_Sundry/Biscuits_and_Gravy.jpg,288,"300 E. 39th st. kansas city, mo 64111",64111,The_Sundry,0,8168447878,0,0,0,Dessert,French,Dessert,sweet ,,,,,,,,,,,
289,Bulgogi,Bulgogi.jpg,The_Sundry/Bulgogi.jpg,289,"300 E. 39th st. kansas city, mo 64111",64111,The_Sundry,0,8168447878,0,0,0,Dessert,French,Dessert,sweet ,,,,,,,,,,,
290,Bulgogi,Bulgogi1.jpg,The_Sundry/Bulgogi1.jpg,290,"300 E. 39th st. kansas city, mo 64111",64111,The_Sundry,0,8168447878,0,0,0,Dessert,French,Dessert,sweet ,,,,,,,,,,,
291,Burger,Burger.jpg,The_Sundry/Burger.jpg,291,"300 E. 39th st. kansas city, mo 64111",64111,The_Sundry,0,8168447878,0,0,0,Dessert,French,Dessert,sweet ,,,,,,,,,,,
292,Burger,Burger1.jpg,The_Sundry/Burger1.jpg,292,"300 E. 39th st. kansas city, mo 64111",64111,The_Sundry,0,8168447878,0,0,0,Dessert,French,Dessert,sweet ,,,,,,,,,,,
293,Charcutterie_Plate,Charcutterie_Plate.jpg,The_Sundry/Charcutterie_Plate.jpg,293,"300 E. 39th st. kansas city, mo 64111",64111,The_Sundry,0,8168447878,0,0,0,Dessert,French,Dessert,sweet ,,,,,,,,,,,
294,Chicken_Tikka,Chicken_Tikka.jpg,The_Sundry/Chicken_Tikka.jpg,294,"300 E. 39th st. kansas city, mo 64111",64111,The_Sundry,0,8168447878,0,0,0,Dessert,French,Dessert,sweet ,,,,,,,,,,,
295,Housemade_Italian_Sausage,Housemade_Italian_Sausage.jpg,The_Sundry/Housemade_Italian_Sausage.jpg,295,"300 E. 39th st. kansas city, mo 64111",64111,The_Sundry,0,8168447878,0,0,0,Dessert,French,Dessert,sweet ,,,,,,,,,,,
296,Jalapeno_Popper_Burger,Jalapeno_Popper_Burger.jpg,The_Sundry/Jalapeno_Popper_Burger.jpg,296,"300 E. 39th st. kansas city, mo 64111",64111,The_Sundry,0,8168447878,0,0,0,Dessert,French,Dessert,sweet ,,,,,,,,,,,
297,Meatloaf,Meatloaf.jpg,The_Sundry/Meatloaf.jpg,297,"300 E. 39th st. kansas city, mo 64111",64111,The_Sundry,0,8168447878,0,0,0,Dessert,French,Dessert,sweet ,,,,,,,,,,,
298,Panini_with_Coppa_and_Provolone,Panini_with_Coppa_and_Provolone.jpg,The_Sundry/Panini_with_Coppa_and_Provolone.jpg,298,"300 E. 39th st. kansas city, mo 64111",64111,The_Sundry,0,8168447878,0,0,0,Dessert,French,Dessert,sweet ,,,,,,,,,,,
299,Panini_with_Ham_and_Coppa,Panini_with_Ham_and_Coppa.jpg,The_Sundry/Panini_with_Ham_and_Coppa.jpg,299,"300 E. 39th st. kansas city, mo 64111",64111,The_Sundry,0,8168447878,0,0,0,Dessert,French,Dessert,sweet ,,,,,,,,,,,
300,Panini_with_Pork_and_Coppa,Panini_with_Pork_and_Coppa.jpg,The_Sundry/Panini_with_Pork_and_Coppa.jpg,300,"300 E. 39th st. kansas city, mo 64111",64111,The_Sundry,0,8168447878,0,0,0,Dessert,French,Dessert,sweet ,,,,,,,,,,,
301,Poached_Egg_Burger,Poached_Egg_Burger.jpg,The_Sundry/Poached_Egg_Burger.jpg,301,"300 E. 39th st. kansas city, mo 64111",64111,The_Sundry,0,8168447878,0,0,0,Dessert,French,Dessert,sweet ,,,,,,,,,,,
302,Pork_Tenderloin_Sandwich,Pork_Tenderloin_Sandwich.jpg,The_Sundry/Pork_Tenderloin_Sandwich.jpg,302,"300 E. 39th st. kansas city, mo 64111",64111,The_Sundry,0,8168447878,0,0,0,Dessert,French,Dessert,sweet ,,,,,,,,,,,
303,Salami_and_Pancetta_Panini,Salami_and_Pancetta_Panini.jpg,The_Sundry/Salami_and_Pancetta_Panini.jpg,303,"300 E. 39th st. kansas city, mo 64111",64111,The_Sundry,0,8168447878,0,0,0,Dessert,French,Dessert,sweet ,,,,,,,,,,,
304,Tacos_de_Tierra,Tacos_de_Tierra.jpg,The_Sundry/Tacos_de_Tierra.jpg,304,"300 E. 39th st. kansas city, mo 64111",64111,The_Sundry,0,8168447878,0,0,0,Dessert,French,Dessert,sweet ,,,,,,,,,,,
305,Chocolate_Waffle_Pop,Chocolate_Waffle_Pop.jpg,The_Waffle_Bar/Chocolate_Waffle_Pop.jpg,305,"4745 Central St, Kansas City, MO 64112",64112,The_Waffle_Bar,0,8168238348,0,0,0,Dessert,French,Dessert,sweet ,,,,,,,,,,,
306,Sweet_and_Salty_Waffle_Pop,Sweet_and_Salty_Waffle_Pop.jpg,The_Waffle_Bar/Sweet_and_Salty_Waffle_Pop.jpg,306,"4745 Central St, Kansas City, MO 64112",64112,The_Waffle_Bar,0,8168238348,0,0,0,Dessert,French,Dessert,sweet ,,,,,,,,,,,
307,Vanilla_Ice_Cream_Waffle_Donut,Vanilla_Ice_Cream_Waffle_Donut.jpg,The_Waffle_Bar/Vanilla_Ice_Cream_Waffle_Donut.jpg,307,"4745 Central St, Kansas City, MO 64112",64112,The_Waffle_Bar,0,8168238348,0,0,0,Dessert,French,Dessert,sweet ,,,,,,,,,,,
308,White_Chocolate_Waffle_Pop,White_Chocolate_Waffle_Pop.jpg,The_Waffle_Bar/White_Chocolate_Waffle_Pop.jpg,308,"4745 Central St, Kansas City, MO 64112",64112,The_Waffle_Bar,0,8168238348,0,0,0,Dessert,French,Dessert,sweet ,,,,,,,,,,,
309,Akaushi_Burger,Akaushi_Burger.jpg,Unforked/Akaushi_Burger.jpg,309,"2450 Grand Blvd, Kansas City, MO 64108",64108,Unforked,0,8162833675,0,0,0,Dessert,French,Dessert,sweet ,,,,,,,,,,,
310,BFF_Taco,BFF_Taco.jpg,Unforked/BFF_Taco.jpg,310,"2450 Grand Blvd, Kansas City, MO 64108",64108,Unforked,0,8162833675,0,0,0,Dessert,French,Dessert,sweet ,,,,,,,,,,,
311,Freekah_Me_Out_Salad,Freekah_Me_Out_Salad.jpg,Unforked/Freekah_Me_Out_Salad.jpg,311,"2450 Grand Blvd, Kansas City, MO 64108",64108,Unforked,0,8162833675,0,0,0,Dessert,French,Dessert,sweet ,,,,,,,,,,,
312,Freekah_Me_Out_Salad,Freekah_Me_Out_Salad1.jpg,Unforked/Freekah_Me_Out_Salad1.jpg,312,"2450 Grand Blvd, Kansas City, MO 64108",64108,Unforked,0,8162833675,0,0,0,Dessert,French,Dessert,sweet ,,,,,,,,,,,
313,Fundido_Fries,Fundido_Fries.jpg,Unforked/Fundido_Fries.jpg,313,"2450 Grand Blvd, Kansas City, MO 64108",64108,Unforked,0,8162833675,0,0,0,Dessert,French,Dessert,sweet ,,,,,,,,,,,
314,Hail_the_Kale_Salad,Hail_the_Kale_Salad.jpg,Unforked/Hail_the_Kale_Salad.jpg,314,"2450 Grand Blvd, Kansas City, MO 64108",64108,Unforked,0,8162833675,0,0,0,Dessert,French,Dessert,sweet ,,,,,,,,,,,
315,Hail_the_Kale_Salad_add_chicken,Hail_the_Kale_Salad_add_chicken.jpg,Unforked/Hail_the_Kale_Salad_add_chicken.jpg,315,"2450 Grand Blvd, Kansas City, MO 64108",64108,Unforked,0,8162833675,0,0,0,Dessert,French,Dessert,sweet ,,,,,,,,,,,
316,Ma_Lo_Bella_Taco,Ma_Lo_Bella_Taco.jpg,Unforked/Ma_Lo_Bella_Taco.jpg,316,"2450 Grand Blvd, Kansas City, MO 64108",64108,Unforked,0,8162833675,0,0,0,Dessert,French,Dessert,sweet ,,,,,,,,,,,
317,Ma_Lo_Bella_Taco,Ma_Lo_Bello_Taco1.jpg,Unforked/Ma_Lo_Bello_Taco1.jpg,317,"2450 Grand Blvd, Kansas City, MO 64108",64108,Unforked,0,8162833675,0,0,0,Dessert,French,Dessert,sweet ,,,,,,,,,,,
318,Porto_Pure_Burger,Porto_Pure_Burger.jpg,Unforked/Porto_Pure_Burger.jpg,318,"2450 Grand Blvd, Kansas City, MO 64108",64108,Unforked,0,8162833675,0,0,0,Dessert,French,Dessert,sweet ,,,,,,,,,,,
319,Porto_Pure_Burger,Porto_Pure_Burger1.jpg,Unforked/Porto_Pure_Burger1.jpg,319,"2450 Grand Blvd, Kansas City, MO 64108",64108,Unforked,0,8162833675,0,0,0,Dessert,French,Dessert,sweet ,,,,,,,,,,,
320,Pure_Burger,Pure_Burger.jpg,Unforked/Pure_Burger.jpg,320,"2450 Grand Blvd, Kansas City, MO 64108",64108,Unforked,0,8162833675,0,0,0,Dessert,French,Dessert,sweet ,,,,,,,,,,,
321,Southern_Swag_Taco,Southern_Swag_Taco.jpg,Unforked/Southern_Swag_Taco.jpg,321,"2450 Grand Blvd, Kansas City, MO 64108",64108,Unforked,0,8162833675,0,0,0,Dessert,French,Dessert,sweet ,,,,,,,,,,,
322,Southern_Swag_Taco,Southern_Swag_Taco1.jpg,Unforked/Southern_Swag_Taco1.jpg,322,"2450 Grand Blvd, Kansas City, MO 64108",64108,Unforked,0,8162833675,0,0,0,Dessert,French,Dessert,sweet ,,,,,,,,,,,
323,Artic_Char,Artic_Char.jpg,Voltaire/Artic_Char.jpg,323,"1617 Genessee St, Kansas City, MO 64102",64102,Voltaire,0,8164721200,0,0,0,Dessert,French,Dessert,sweet ,,,,,,,,,,,
324,Black_Bean_Patty_Sandwich,Black_Bean_Patty_Sandwich.jpg,Which_Wich/Black_Bean_Patty_Sandwich.jpg,324,"554 Westport Rd #100, Kansas City, MO 64111",64111,Which_Wich,1,8165695965,0,0,0,Dessert,French,Dessert,sweet ,,,,,,,,,,,
325,French_Dip_Sandwich,French_Dip_Sandwich.jpg,Which_Wich/French_Dip_Sandwich.jpg,325,"554 Westport Rd #100, Kansas City, MO 64111",64111,Which_Wich,1,8165695965,0,0,0,Dessert,French,Dessert,sweet ,,,,,,,,,,,
326,The_Avocado_Sandwich,The_Avocado_Sandwich.jpg,Which_Wich/The_Avocado_Sandwich.jpg,326,"554 Westport Rd #100, Kansas City, MO 64111",64111,Which_Wich,1,8165695965,0,0,0,Dessert,French,Dessert,sweet ,,,,,,,,,,,
327,Ahi Crunchy Salad,Ahi Crunchy Salad.jpg,Yard_House/Ahi Crunchy Salad.jpg,327,"1300 Main St Ste 124.1A, Kansas City, MO 64105",64105,Yard_House,0,8165270952,0,0,0,Dessert,French,Dessert,sweet ,,,,,,,,,,,
328,Chicken Nachos,Chicken Nachos2.jpg,Yard_House/Chicken Nachos2.jpg,328,"1300 Main St Ste 124.1A, Kansas City, MO 64105",64105,Yard_House,0,8165270952,0,0,0,Dessert,French,Dessert,sweet ,,,,,,,,,,,
329,Classic Sliders,Classic Sliders.jpg,Yard_House/Classic Sliders.jpg,329,"1300 Main St Ste 124.1A, Kansas City, MO 64105",64105,Yard_House,0,8165270952,0,0,0,Dessert,French,Dessert,sweet ,,,,,,,,,,,
330,Fresh Baked Brownie,Fresh Baked Brownie.jpg,Yard_House/Fresh Baked Brownie.jpg,330,"1300 Main St Ste 124.1A, Kansas City, MO 64105",64105,Yard_House,0,8165270952,0,0,0,Dessert,French,Dessert,sweet ,,,,,,,,,,,
331,Fried Chicken Sandwich,Fried Chicken Sandwich.jpg,Yard_House/Fried Chicken Sandwich.jpg,331,"1300 Main St Ste 124.1A, Kansas City, MO 64105",64105,Yard_House,0,8165270952,0,0,0,Dessert,French,Dessert,sweet ,,,,,,,,,,,
332,Fried Mac and Cheese,Fried Mac and Cheese.jpg,Yard_House/Fried Mac and Cheese.jpg,332,"1300 Main St Ste 124.1A, Kansas City, MO 64105",64105,Yard_House,0,8165270952,0,0,0,Dessert,French,Dessert,sweet ,,,,,,,,,,,
333,Grilled Korean BBQ Beef,Grilled Korean BBQ Beef.jpg,Yard_House/Grilled Korean BBQ Beef.jpg,333,"1300 Main St Ste 124.1A, Kansas City, MO 64105",64105,Yard_House,0,8165270952,0,0,0,Dessert,French,Dessert,sweet ,,,,,,,,,,,
334,Guacamole and Chips,Guacamole and Chips.jpg,Yard_House/Guacamole and Chips.jpg,334,"1300 Main St Ste 124.1A, Kansas City, MO 64105",64105,Yard_House,0,8165270952,0,0,0,Dessert,French,Dessert,sweet ,,,,,,,,,,,
335,Kung Pao Calamari,Kung Pao Calamari.jpg,Yard_House/Kung Pao Calamari.jpg,335,"1300 Main St Ste 124.1A, Kansas City, MO 64105",64105,Yard_House,0,8165270952,0,0,0,Dessert,French,Dessert,sweet ,,,,,,,,,,,
336,Lobster Crab and Artichoke Dip,Lobster Crab and Artichoke Dip.jpg,Yard_House/Lobster Crab and Artichoke Dip.jpg,336,"1300 Main St Ste 124.1A, Kansas City, MO 64105",64105,Yard_House,0,8165270952,0,0,0,Dessert,French,Dessert,sweet ,,,,,,,,,,,
337,Lobster Garlic Noodles,Lobster Garlic Noodles.jpg,Yard_House/Lobster Garlic Noodles.jpg,337,"1300 Main St Ste 124.1A, Kansas City, MO 64105",64105,Yard_House,0,8165270952,0,0,0,Dessert,French,Dessert,sweet ,,,,,,,,,,,
338,Mac and Cheese,Mac and Cheese.jpg,Yard_House/Mac and Cheese.jpg,338,"1300 Main St Ste 124.1A, Kansas City, MO 64105",64105,Yard_House,0,8165270952,0,0,0,Dessert,French,Dessert,sweet ,,,,,,,,,,,
339,Rib Eye and Shrimp,Rib Eye and Shrimp.jpg,Yard_House/Rib Eye and Shrimp.jpg,339,"1300 Main St Ste 124.1A, Kansas City, MO 64105",64105,Yard_House,0,8165270952,0,0,0,Dessert,French,Dessert,sweet ,,,,,,,,,,,
340,Cauilifower_Rice_Bowl,Cauilifower_Rice_Bowl.jpg,Zoes_Kitchen/Cauilifower_Rice_Bowl.jpg,340,"100 Ward Pkwy, Kansas City, MO 64112",64112,Zoes_Kitchen,0,8165312044,0,0,0,Dessert,French,Dessert,sweet ,,,,,,,,,,,
341,Chicken_and_Orzo_Soup,Chicken_and_Orzo_Soup.jpg,Zoes_Kitchen/Chicken_and_Orzo_Soup.jpg,341,"100 Ward Pkwy, Kansas City, MO 64112",64112,Zoes_Kitchen,0,8165312044,0,0,0,Dessert,French,Dessert,sweet ,,,,,,,,,,,
342,Harissa_Salmon_Pita,Harissa_Salmon_Pita.jpg,Zoes_Kitchen/Harissa_Salmon_Pita.jpg,342,"100 Ward Pkwy, Kansas City, MO 64112",64112,Zoes_Kitchen,0,8165312044,0,0,0,Dessert,French,Dessert,sweet ,,,,,,,,,,,
343,House_Baed_Cookie_Chocolate_Chip,House_Baed_Cookie_Chocolate_Chip.jpg,Zoes_Kitchen/House_Baed_Cookie_Chocolate_Chip.jpg,343,"100 Ward Pkwy, Kansas City, MO 64112",64112,Zoes_Kitchen,0,8165312044,0,0,0,Dessert,French,Dessert,sweet ,,,,,,,,,,,
344,House_Baked_Cookie_Zesty_Lemon,House_Baked_Cookie_Zesty_Lemon.jpg,Zoes_Kitchen/House_Baked_Cookie_Zesty_Lemon.jpg,344,"100 Ward Pkwy, Kansas City, MO 64112",64112,Zoes_Kitchen,0,8165312044,0,0,0,Dessert,French,Dessert,sweet ,,,,,,,,,,,
345,Hummus_Basil_Pesto,Hummus_Basil_Pesto.jpg,Zoes_Kitchen/Hummus_Basil_Pesto.jpg,345,"100 Ward Pkwy, Kansas City, MO 64112",64112,Zoes_Kitchen,0,8165312044,0,0,0,Dessert,French,Dessert,sweet ,,,,,,,,,,,
346,Hummus_Classic,Hummus_Classic.jpg,Zoes_Kitchen/Hummus_Classic.jpg,346,"100 Ward Pkwy, Kansas City, MO 64112",64112,Zoes_Kitchen,0,8165312044,0,0,0,Dessert,French,Dessert,sweet ,,,,,,,,,,,
347,Hummus_Harissa_Red_Pepper,Hummus_Harissa_Red_Pepper.jpg,Zoes_Kitchen/Hummus_Harissa_Red_Pepper.jpg,347,"100 Ward Pkwy, Kansas City, MO 64112",64112,Zoes_Kitchen,0,8165312044,0,0,0,Dessert,French,Dessert,sweet ,,,,,,,,,,,
348,Hummus_Trio,Hummus_Trio.jpg,Zoes_Kitchen/Hummus_Trio.jpg,348,"100 Ward Pkwy, Kansas City, MO 64112",64112,Zoes_Kitchen,0,8165312044,0,0,0,Dessert,French,Dessert,sweet ,,,,,,,,,,,
349,Hummus_and_Salad_Plate,Hummus_and_Salad_Plate.jpg,Zoes_Kitchen/Hummus_and_Salad_Plate.jpg,349,"100 Ward Pkwy, Kansas City, MO 64112",64112,Zoes_Kitchen,0,8165312044,0,0,0,Dessert,French,Dessert,sweet ,,,,,,,,,,,
350,Live_Med_Salad,Live_Med_Salad.jpg,Zoes_Kitchen/Live_Med_Salad.jpg,350,"100 Ward Pkwy, Kansas City, MO 64112",64112,Zoes_Kitchen,0,8165312044,0,0,0,Dessert,French,Dessert,sweet ,,,,,,,,,,,
351,Mediterranean_Baked_Lamb,Mediterranean_Baked_Lamb.jpg,Zoes_Kitchen/Mediterranean_Baked_Lamb.jpg,351,"100 Ward Pkwy, Kansas City, MO 64112",64112,Zoes_Kitchen,0,8165312044,0,0,0,Dessert,French,Dessert,sweet ,,,,,,,,,,,
352,Mediterranean_Chicken,Mediterranean_Chicken.jpg,Zoes_Kitchen/Mediterranean_Chicken.jpg,352,"100 Ward Pkwy, Kansas City, MO 64112",64112,Zoes_Kitchen,0,8165312044,0,0,0,Dessert,French,Dessert,sweet ,,,,,,,,,,,
353,Spinach_Roll_Ups,Spinach_Roll_Ups.jpg,Zoes_Kitchen/Spinach_Roll_Ups.jpg,353,"100 Ward Pkwy, Kansas City, MO 64112",64112,Zoes_Kitchen,0,8165312044,0,0,0,Dessert,French,Dessert,sweet ,,,,,,,,,,,
354,Spinach_and_Mushroom_Piadina,Spinach_and_Mushroom_Piadina.jpg,Zoes_Kitchen/Spinach_and_Mushroom_Piadina.jpg,354,"100 Ward Pkwy, Kansas City, MO 64112",64112,Zoes_Kitchen,0,8165312044,0,0,0,Dessert,French,Dessert,sweet ,,,,,,,,,,,
355,Steak_Kabobs,Steak_Kabobs.jpg,Zoes_Kitchen/Steak_Kabobs.jpg,355,"100 Ward Pkwy, Kansas City, MO 64112",64112,Zoes_Kitchen,0,8165312044,0,0,0,Dessert,French,Dessert,sweet ,,,,,,,,,,,
356,Steak_Roll_Ups,Steak_Roll_Ups.jpg,Zoes_Kitchen/Steak_Roll_Ups.jpg,356,"100 Ward Pkwy, Kansas City, MO 64112",64112,Zoes_Kitchen,0,8165312044,0,0,0,Dessert,French,Dessert,sweet ,,,,,,,,,,,
357,Steak_Stack,Steak_Stack.jpg,Zoes_Kitchen/Steak_Stack.jpg,357,"100 Ward Pkwy, Kansas City, MO 64112",64112,Zoes_Kitchen,0,8165312044,0,0,0,Dessert,French,Dessert,sweet ,,,,,,,,,,,
358,Tomato_Bisque_Soup,Tomato_Bisque_Soup.jpg,Zoes_Kitchen/Tomato_Bisque_Soup.jpg,358,"100 Ward Pkwy, Kansas City, MO 64112",64112,Zoes_Kitchen,0,8165312044,0,0,0,Dessert,French,Dessert,sweet ,,,,,,,,,,,
359,Tossed_Greek_Salad,Tossed_Greek_Salad.jpg,Zoes_Kitchen/Tossed_Greek_Salad.jpg,359,"100 Ward Pkwy, Kansas City, MO 64112",64112,Zoes_Kitchen,0,8165312044,0,0,0,Dessert,French,Dessert,sweet ,,,,,,,,,,,
360,Turkey_Stack,Turkey_Stack.jpg,Zoes_Kitchen/Turkey_Stack.jpg,360,"100 Ward Pkwy, Kansas City, MO 64112",64112,Zoes_Kitchen,0,8165312044,0,0,0,Dessert,French,Dessert,sweet ,,,,,,,,,,,
361,Veggie_Kabobs,Veggie_Kabobs.jpg,Zoes_Kitchen/Veggie_Kabobs.jpg,361,"100 Ward Pkwy, Kansas City, MO 64112",64112,Zoes_Kitchen,0,8165312044,0,0,0,Dessert,French,Dessert,sweet ,,,,,,,,,,,
362,Yaya_s_Handmade_Chocolate_Cake_Slice,Yaya_s_Handmade_Chocolate_Cake_Slice.jpg,Zoes_Kitchen/Yaya_s_Handmade_Chocolate_Cake_Slice.jpg,362,"100 Ward Pkwy, Kansas City, MO 64112",64112,Zoes_Kitchen,0,8165312044,0,0,0,Dessert,French,Dessert,sweet ,,,,,,,,,,,